Source Page,Link,Status,Link Text
"https://test-ufl.pantheonsite.io","https://twitter.com/search?f=tweets&vertical=default&q=urbanafree",403,""
"https://test-ufl.pantheonsite.io/using-library/collections","https://cucatalog.org/polaris/search/searchresults.aspx?ctx=6.1033.0.0.1&type=Boolean&term=col=urcvoxbk&by=KW&sort=TI&limit=&query=&page=0",404,"VOX Book"
"https://test-ufl.pantheonsite.io/using-library/collections","https://cucatalog.org/polaris/search/searchresults.aspx?ctx=6.1033.0.0.1&type=Boolean&term=col=urcvoxbk&by=KW&sort=TI&limit=&query=&page=0&searchid=4",404,"s"
"https://test-ufl.pantheonsite.io/using-library/collections","https://cucatalog.org/polaris/search/searchresults.aspx?ctx=6.1033.0.0.1&type=Boolean&term=col=urcvoxbk&by=KW&sort=TI&limit=&query=&page=0&searchid=3",404,"LEARN MORE"
"https://test-ufl.pantheonsite.io/using-library/parents-teachers","https://cucatalog.org/polaris/search/searchresults.aspx?ctx=6.1033.0.0.7&type=Keyword&term=hands-on%20kits&by=KW&sort=RELEVANCE&limit=TOM=*%20AND%20AB=6&query=&page=0&searchid=8",404,"Hands-on Literacy and Math Kits"
"https://test-ufl.pantheonsite.io/using-library/parents-teachers","https://cucatalog.org/polaris/search/searchresults.aspx?ctx=6.1033.0.0.7&type=Keyword&term=exploration%20kit&by=KW&sort=RELEVANCE&limit=TOM=*&query=&page=0",404,"Exploration Kits"
"https://test-ufl.pantheonsite.io/using-library/parents-teachers","https://search.ebscohost.com/Community.aspx?authtype=ip&amp;ugt=725771266C26651767E6651632252EE265D36113689366E329E33913390335&amp;IsAdminMobile=N&amp;encid=22D731263C3635873776359632953C17358371C378C376C379C379C379C375C33013&amp;selectServicesToken=AxgzuOKjQ1XILWFjWMM3mZtikxn6Ia_MVJEAiESGFVndJ2FFsDkugHYc4Ov52-VHMYQOuUTkguYcbIW7Xeu-mAwqOhhAGvBoLH5lgs6iCrt0V4GhwzFPUDNPxG2mqO9-_IV7EcNut7iFY6QwXPdcUFZbHsdWNDY2RnFi1o1NUvMkx_wgWObZyyWBVWJOPKBueBRefqPHIRPeJLqQolaokEvl9Ph_Xfx_7KuYVVTiLhNjIU9t_2nlrwxS4eahqk0n_S-gI2nC1OpcxFP4RFzESxkCYINDL01DM-Mww6ujVHY",500,"Novelist K-8"
"https://test-ufl.pantheonsite.io/ebooks-more","https://nam10.safelinks.protection.outlook.com/?url=https%3A%2F%2Fwww.tumblebooklibrary.com%2Fautologin.aspx%3Fuserid%3DqSLh%252bOvanElYJAS9sC8J6g%253d%253d&data=05%7C02%7Crbarnes%40urbanafree.org%7C3574c96c4eca4ffe14a208def965d4a7%7C7866e27582bd4af2bbef4c64553ac2b9%7C0%7C0%7C639222412926661820%7CUnknown%7CTWFpbGZsb3d8eyJFbXB0eU1hcGkiOnRydWUsIlYiOiIwLjAuMDAwMCIsIlAiOiJXaW4zMiIsIkFOIjoiTWFpbCIsIldUIjoyfQ%3D%3D%7C0%7C%7C%7C&sdata=cviffxv9BZb0Bn6ZT0ddfS45oV%2Bf81DW3XaKhFt1ub8%3D&reserved=0",500,"Tumblebooks"
"https://test-ufl.pantheonsite.io/ebooks-more/research-learn","https://www.familysearch.org/",FAILED,""
"https://test-ufl.pantheonsite.io/ebooks-more/research-learn","https://proxy.urbanafree.org/login?url=https://libraries.mangolanguages.com/urbana/start",FAILED,""
"https://test-ufl.pantheonsite.io/ebooks-more/research-learn","https://proxy.urbanafree.org/login?url=http://search.ebscohost.com/",FAILED,"Consumer Reports"
"https://test-ufl.pantheonsite.io/ebooks-more/research-learn","https://dailyillini.com/",403,"Daily Illini"
"https://test-ufl.pantheonsite.io/ebooks-more/research-learn","https://search.ebscohost.com/login.aspx?authtype=ip,uid&groupid=main&custid=urbana2",500,"WATCH THE TUTORIAL"
"https://test-ufl.pantheonsite.io/ebooks-more/research-learn","https://proxy.urbanafree.org/login?url=https://search.ebscohost.com/login.aspx?authtype=ip,uid&groupid=main&custid=urbana2&profile=ehost&db=8gh",FAILED,"EBSCO Green File"
"https://test-ufl.pantheonsite.io/ebooks-more/research-learn","https://proxy.urbanafree.org/login?url=https://search.ebscohost.com/login.aspx?authtype=ip,uid&groupid=main&custid=urbana2&profile=ehost&db=f6h",FAILED,"EBSCO MasterFILE Complete"
"https://test-ufl.pantheonsite.io/ebooks-more/research-learn","https://proxy.urbanafree.org/login?url=https://search.ebscohost.com/login.aspx?authtype=ip,uid&groupid=main&custid=urbana2&profile=ehost&db=lxh",FAILED,"EBSCO Library, Infoscience & Technology Abstracts"
"https://test-ufl.pantheonsite.io/ebooks-more/research-learn","http://idnc.library.illinois.edu/cgi-bin/illinois?a=p&p=home&e=-------en-20--1--txt-txIN--------",403,"Illinois Digital Newspaper Collections"
"https://test-ufl.pantheonsite.io/ebooks-more/research-learn","https://www.indeed.com/",403,"Indeed.com"
"https://test-ufl.pantheonsite.io/ebooks-more/research-learn","http://proxy.urbanafree.org/login?url=http://search.ebscohost.com",FAILED,"EBSCO Teacher Reference Center"
"https://test-ufl.pantheonsite.io/ebooks-more/research-learn","https://www.linkedin.com/learning-login/go/cucatalog",429,"LinkedIn Learning"
"https://test-ufl.pantheonsite.io/ebooks-more/research-learn","http://proxy.urbanafree.org/login?url=https://fold3library.proquest.com/?accountid=47026",FAILED,"Fold3"
"https://test-ufl.pantheonsite.io/ebooks-more/research-learn","https://research.ebsco.com/c/wylfbt?db=8gh,e864sww,e869sww,sch,trh,tol",FAILED,"Explora"
"https://test-ufl.pantheonsite.io/ebooks-more/research-learn","https://proxy.urbanafree.org/login?url=https://newspaperslibrary.proquest.com/?accountid=47026",FAILED,"Newspapers.com - World Edition (by Ancestry)"
"https://test-ufl.pantheonsite.io/ebooks-more/research-learn","https://login.proxy.urbanafree.org/login?qurl=http%3a%2f%2fsearch.ebscohost.com",FAILED,"Science Reference Center"
"https://test-ufl.pantheonsite.io/about-us/bids-rfps","https://procurement.opengov.com/portal/urbanaillinois",403,"To learn more click here."
"https://test-ufl.pantheonsite.io/about-us/bids-rfps","https://www2.illinois.gov/idol/Laws-Rules/CONMED/Pages/prevailing-wage-act.aspx",404,"the Illinois Department of Labor’s website"
"https://test-ufl.pantheonsite.io/about-us/bids-rfps","https://www.urbanaillinois.us/bids-rfps",FAILED,"visit the City of Urbana’s website for more information"
"https://test-ufl.pantheonsite.io/about-us/foundation","https://app.candid.org/profile/7518962/urbana-free-library-foundation/?pkId=d6d8f64d-1427-4129-b48f-f6862b590ea4&isActive=true",403,"here"
"https://test-ufl.pantheonsite.io/about-us/foundation","https://app.candid.org/profile/7518962/urbana-free-library-foundation-37-1347187",403,""
"https://test-ufl.pantheonsite.io/about-us/volunteer","https://forms.office.com/r/3We50d6ykS",405,"Click here"
"https://test-ufl.pantheonsite.io/about-us/volunteer","https://www.volunteermatch.org/search/?l=Urbana,%20IL,%20USA",404,"volunteermatch.org"
"https://test-ufl.pantheonsite.io/foia","http://www.ilga.gov/legislation/ilcs/ilcs3.asp?ActID=85&ChapterID=2",FAILED,"Illinois Freedom of Information Act"
"https://test-ufl.pantheonsite.io/foia","https://www.urbanaillinois.us/government/finance/financial-reports/library-audit-reports",FAILED,"Audit reports"
"https://test-ufl.pantheonsite.io/foia","https://urbanaillinois.us/node/9010",FAILED,"IMRF Employer Cost & Participation Information | City of Urbana (urbanaillinois.us)"
"https://test-ufl.pantheonsite.io/using-library/collections/video-game","https://cucatalog.org/polaris/search/searchresults.aspx?ctx=6.1033.0.0.7&type=Boolean&term=COL=%22urnvg%22&by=KW&sort=TI&limit=&query=&page=0&searchid=1",404,"Video Game Collection"
"https://test-ufl.pantheonsite.io/using-library/collections/movies","https://cucatalog.org/polaris/search/searchresults.aspx?ctx=6.1033.0.0.7&type=Boolean&term=COL=urndvin&by=KW&sort=TI&limit=&query=&page=0",404,"International Language DVDs"
"https://test-ufl.pantheonsite.io/using-library/collections/movies","https://cucatalog.org/polaris/search/searchresults.aspx?ctx=6.1033.0.0.7&type=Keyword&term=film%20movement%20firm&by=AU&sort=RELEVANCE&limit=TOM=dvd&query=&page=0",404,"Film Movement"
"https://test-ufl.pantheonsite.io/using-library/collections/movies","https://cucatalog.org/polaris/search/searchresults.aspx?ctx=6.1033.0.0.7&type=Boolean&term=%28MAT=9%20OR%20MAT=14%29%20AND%20SE=%27Criterion%20Collection%27&by=KW&sort=TI&limit=&query=&page=0",404,"The Criterion Collection"
"https://test-ufl.pantheonsite.io/using-library/collections/movies","https://cucatalog.org/polaris/search/searchresults.aspx?ctx=6.1033.0.0.7&type=Keyword&term=wholphin&by=TI&sort=RELEVANCE&limit=TOM=dvd&query=&page=0",404,"Wholphin"
"https://test-ufl.pantheonsite.io/using-library/collections/movies","https://cucatalog.org/polaris/search/searchresults.aspx?ctx=6.1033.0.0.7&type=Boolean&term=MAT=40%20AND%20COL=urndvde&by=KW&sort=RELEVANCE&limit=&query=&page=0",404,"New Non-Fiction DVDs"
"https://test-ufl.pantheonsite.io/using-library/collections/movies","https://cucatalog.org/polaris/search/searchresults.aspx?ctx=6.1033.0.0.7&type=Boolean&term=MAT=14%20AND%20COL=urndvd&by=KW&sort=CALL&limit=&query=&page=0",404,"New Entertainment DVDs"
"https://test-ufl.pantheonsite.io/using-library/collections/movies","https://cucatalog.org/polaris/search/searchresults.aspx?ctx=6.1033.0.0.7&type=Keyword&term=roger%20ebert%27s%20film%20festival.&by=KW&sort=RELEVANCE&limit=TOM=*&query=&page=0",404,"Roger Ebert's Film Festival"
"https://test-ufl.pantheonsite.io/using-library/collections/movies","https://cucatalog.org/polaris/search/searchresults.aspx?ctx=6.1033.0.0.7&type=Boolean&term=MAT=14%20AND%20COL=urndvin&by=KW&sort=CALL&limit=&query=&page=0",404,"New International DVDs"
"https://test-ufl.pantheonsite.io/using-library/collections/movies","https://cucatalog.org/polaris/search/searchresults.aspx?ctx=6.1033.0.0.7&type=Boolean&term=MAT=14%20AND%20COL=urndvtv&by=KW&sort=CALL&limit=&query=&page=0",404,"New Television DVDs"
"https://test-ufl.pantheonsite.io/using-library/collections/movies","https://cucatalog.org/polaris/search/searchresults.aspx?ctx=6.1033.0.0.7&type=Boolean&term=mat=14%20and%20su=anime&by=KW&sort=TI&limit=&query=&page=0&searchid=1",404,"New Anime DVDs"
"https://test-ufl.pantheonsite.io/using-library/collections/movies","https://cucatalog.org/polaris/search/searchresults.aspx?ctx=6.1033.0.0.7&type=Boolean&term=brs=120603&by=KW&sort=TI&limit=&query=&page=0&searchid=5",404,"Academy Awards Best Pictures"
"https://test-ufl.pantheonsite.io/using-library/collections/movies","https://cucatalog.org/polaris/search/searchresults.aspx?ctx=6.1033.0.0.7&type=Boolean&term=%28MAT=9%20OR%20MAT=14%20OR%20MAT=39%20OR%20MAT=40%29%20AND%20SU=%27local%20films%20and%20filmmakers%27&by=KW&sort=TI&limit=&query=&page=0",404,"Local Films and Filmmakers"
"https://test-ufl.pantheonsite.io/using-library/collections/movies","https://cucatalog.org/polaris/search/searchresults.aspx?ctx=6.1033.0.0.7&type=Boolean&term=MAT=14%20AND%20%28COL=urndvmu%20OR%20COL=urndvme%29&by=KW&sort=TI&limit=&query=&page=0",404,"New Music DVDs"
"https://test-ufl.pantheonsite.io/using-library/collections/music","https://cucatalog.org/polaris/search/searchresults.aspx?ctx=6.1033.0.0.7&type=Boolean&term=%28MAT=19%20OR%20MAT=21%29%20AND%20pub=%27daptone%27&by=KW&sort=AU_TI&limit=&query=&page=0&searchid=12",404,"Daptone Records"
"https://test-ufl.pantheonsite.io/using-library/collections/music","https://cucatalog.org/polaris/search/searchresults.aspx?ctx=6.1033.0.0.7&type=Boolean&term=MAT=91&by=KW&sort=TI&limit=&query=&page=0&searchid=6",404,"New Arrivals-Vinyl"
"https://test-ufl.pantheonsite.io/using-library/collections/music","https://cucatalog.org/polaris/search/searchresults.aspx?ctx=6.1033.0.0.7&type=Boolean&term=TI=portable%20turntable%20OR%20MAT=89%20OR%20MAT=91&by=KW&sort=TI&limit=&query=&page=0&searchid=8",404,"Vinyl Records and Record Players"
"https://test-ufl.pantheonsite.io/using-library/collections/music","https://cucatalog.org/polaris/search/searchresults.aspx?ctx=6.1033.0.0.7&type=Boolean&term=col=urncdoo&by=KW&sort=TI&limit=&query=&page=0&searchid=10",404,"Coming Soon- CDs"
"https://test-ufl.pantheonsite.io/using-library/collections/music","https://cucatalog.org/polaris/search/searchresults.aspx?ctx=6.1033.0.0.7&type=Boolean&term=MAT=21&by=KW&sort=TI&limit=&query=&page=0&searchid=5",404,"New Arrivals-CDs"
"https://test-ufl.pantheonsite.io/using-library/collections/music","https://cucatalog.org/polaris/search/searchresults.aspx?ctx=6.1033.0.0.7&type=Boolean&term=col=urnvoo&by=KW&sort=TI&limit=&query=&page=0&searchid=9",404,"Coming Soon- Vinyl"
"https://test-ufl.pantheonsite.io/using-library/collections/music","https://cucatalog.org/polaris/search/searchresults.aspx?ctx=6.1033.0.0.7&type=Boolean&term=%28MAT=19%20OR%20MAT=21%29%20AND%20%28KW=%22Blues%20%28music%29%22%20AND%20%22Chicago%22%29&by=KW&sort=AU_TI&limit=&query=&page=0&searchid=44",404,"Chicago Blues"
"https://test-ufl.pantheonsite.io/using-library/collections/music","https://cucatalog.org/polaris/search/searchresults.aspx?ctx=6.1033.0.0.7&type=Boolean&term=%28MAT=19%20OR%20MAT=21%29%20AND%20%28AU=Handel%20OR%20AU=Scarlatti%20OR%20AU=Telemann%20OR%20AU=Lully%20OR%20AU=Corelli%20OR%20AU=Albinoni%20OR%20AU=Couperin%20OR%20AU=Monteverdi%20OR%20AU=Schutz%20OR%20AU=Rameau%20OR%20AU=Zelenka%20OR%20AU=Pachelbel%20OR%20AU=Purcell%20OR%20AU=Carissimi%20OR%20AU=Froberger%20OR%20AU=Buxtehude%20OR%20AU=Chambonnieres%20OR%20AU=Geminiani%20OR%20AU=Peri%20OR%20AU=Gluck%20OR%20AU=Biber%20OR%20AU=Caccini%20OR%20AU=Charmentier%20OR%20AU=Frescobaldi%20OR%20AU=Metastasia%20OR%20AU=Pepusch%20OR%20AU=Purcell%29&by=KW&sort=TI&limit=&query=&page=0&searchid=42",404,"Baroque"
"https://test-ufl.pantheonsite.io/using-library/collections/music","https://cucatalog.org/polaris/search/searchresults.aspx?ctx=6.1033.0.0.7&type=Boolean&term=%28MAT=19%20OR%20MAT=21%29%20AND%20KW=%22eccentric%20soul%22&by=KW&sort=AU_TI&limit=&query=&page=0&searchid=2",404,"Eccentric Soul"
"https://test-ufl.pantheonsite.io/using-library/collections/music","https://cucatalog.org/polaris/search/searchresults.aspx?ctx=6.1033.0.0.7&type=Boolean&term=%28MAT=19%20OR%20MAT=21%29%20AND%20TI=%22MOJO%20presents%22&by=KW&sort=AU_TI&limit=&query=&page=0&searchid=4",404,"Mojo presents"
"https://test-ufl.pantheonsite.io/using-library/collections/music","https://cucatalog.org/polaris/search/searchresults.aspx?ctx=6.1033.0.0.1&type=Boolean&term=brs=123365&by=KW&sort=TI&limit=&query=&page=0&searchid=10",404,"Music in Our Community"
"https://test-ufl.pantheonsite.io/using-library/collections/music","https://cucatalog.org/polaris/search/searchresults.aspx?ctx=6.1033.0.0.7&type=Boolean&term=%28MAT=19%20OR%20MAT=21%29%20and%20%28su=%22operas%22%20NOT%20su=%22operas%20excerpts%22%20NOT%20su=%22rock%20music%22%20NOT%20su=%22popular%20music%22%29&by=KW&sort=TI&limit=&query=&page=0&searchid=52",404,"Opera"
"https://test-ufl.pantheonsite.io/using-library/collections/music","https://cucatalog.org/polaris/search/searchresults.aspx?ctx=6.1033.0.0.7&type=Boolean&term=(MAT=19%20OR%20MAT=21)%20AND%20KW=%22ROUGH%20GUIDE%22&by=KW&sort=TI&limit=&query=&page=0&searchid=1",404,"Rough Guide Series"
"https://test-ufl.pantheonsite.io/using-library/library-things/childrens-developmental-toys","https://cucatalog.org/polaris/view.aspx?brs=282000",404,"Follow this link to view all of our Children's Developmental Toys in our catalog, where you can place your hold requests."
"https://test-ufl.pantheonsite.io/using-library/library-things/music-collection","https://cucatalog.org/polaris/search/searchresults.aspx?ctx=6.1033.0.0.7&type=Boolean&term=col=urcstr%20OR%20col=urcper%20OR%20col=urcmlt%20OR%20col=urckey&by=KW&sort=TI&limit=&query=&page=0&searchid=4",404,""
"https://test-ufl.pantheonsite.io/using-library/library-things/music-collection","https://cucatalog.org/polaris/search/searchresults.aspx?ctx=1.1033.0.0.5&type=Boolean&term=col=urnkey%20OR%20col=%20urnstr%20OR%20col=urnamp%20OR%20col=urnper&by=KW&sort=TI&limit=&query=&page=0&searchid=2",404,""
"https://test-ufl.pantheonsite.io/using-library/library-things/music-collection","https://cucatalog.org/polaris/view.aspx?brs=282060",404,"Click here for a complete list of the items in the Music Equipment Collection for Children that are available to check out."
"https://test-ufl.pantheonsite.io/using-library/library-things/music-collection","https://cucatalog.org/polaris/view.aspx?brs=281555",404,"Follow this link to view the entire Music Equipment Collection in our catalog, where you can place your hold requests."
"https://test-ufl.pantheonsite.io/using-library/library-things/music-collection","https://cucatalog.org/polaris/view.aspx?brs=281572",404,"Stringed instruments"
"https://test-ufl.pantheonsite.io/using-library/library-things/music-collection","https://cucatalog.org/polaris/view.aspx?brs=281623",404,"Keyboards and synthesizers"
"https://test-ufl.pantheonsite.io/using-library/library-things/music-collection","https://cucatalog.org/polaris/view.aspx?brs=281618",404,"Amps and effect pedals"
"https://test-ufl.pantheonsite.io/using-library/library-things/music-collection","https://cucatalog.org/polaris/view.aspx?brs=281617",404,"Percussion instruments"
"https://test-ufl.pantheonsite.io/using-library/library-things/music-collection","https://cucatalog.org/polaris/view.aspx?brs=281881",404,"Recording equipment"
"https://test-ufl.pantheonsite.io/using-library/library-things/productivity-collection","https://cucatalog.org/polaris/search/searchresults.aspx?ctx=6.1033.0.0.7&type=Boolean&term=brs=152787&by=KW&sort=TI&limit=&query=&page=0&searchid=1",404,""
"https://test-ufl.pantheonsite.io/using-library/library-things/productivity-collection","https://cucatalog.org/polaris/view.aspx?brs=281875",404,"Follow this link to view the entire Productivity Collection in our catalog, where you can place your hold requests."
"https://test-ufl.pantheonsite.io/using-library/library-things/craft-collection","https://cucatalog.org/polaris/search/searchresults.aspx?ctx=6.1033.0.0.7&type=Boolean&term=col=urncrft&by=KW&sort=TI&limit=&query=&page=0&searchid=3",404,""
"https://test-ufl.pantheonsite.io/using-library/library-things/craft-collection","https://cucatalog.org/polaris/view.aspx?brs=281878",404,"Follow this link to view the entire Crafts Collection"
"https://test-ufl.pantheonsite.io/using-library/library-things/hands-on-kits","https://cucatalog.org/polaris/view.aspx?brs=282103",404,"Click here"
"https://test-ufl.pantheonsite.io/using-library/library-things/hands-on-kits","https://cucatalog.org/polaris/view.aspx?brs=282107",404,"Click here"
"https://test-ufl.pantheonsite.io/using-library/library-things/3d-science","https://cucatalog.org/polaris/search/searchresults.aspx?ctx=6.1033.0.0.7&type=Boolean&term=col=urn3dsc&by=KW&sort=TI&limit=&query=&page=0&searchid=2",404,""
"https://test-ufl.pantheonsite.io/using-library/library-things/floor-puzzles","https://cucatalog.org/polaris/view.aspx?brs=282108",404,"Click here to view our puzzles in the catalog, where you can place your hold requests."
"https://test-ufl.pantheonsite.io/using-library/library-things/board-games","https://cucatalog.org/polaris/search/searchresults.aspx?ctx=6.1033.0.0.7&type=Advanced&term=board&relation=ALL&by=KW&term2=game&relation2=ALL&by2=KW&bool1=OR&bool4=AND&limit=TOM=art&sort=RELEVANCE&page=0&searchid=1",404,""
"https://test-ufl.pantheonsite.io/using-library/library-things/board-games","https://cucatalog.org/polaris/search/searchresults.aspx?ctx=1.1033.0.0.1&type=Keyword&term=463577&by=CN&sort=MP&limit=TOM=*&query=&page=0&searchid=4",404,"Pandemic"
"https://test-ufl.pantheonsite.io/using-library/library-things/board-games","https://cucatalog.org/polaris/search/searchresults.aspx?ctx=6.1033.0.0.1&type=Keyword&term=upwords&by=KW&sort=MP&limit=TOM=*&query=&page=0&searchid=2",404,"Upwords"
"https://test-ufl.pantheonsite.io/using-library/library-things/board-games","https://cucatalog.org/polaris/view.aspx?brs=148679",404,"click here for a list"
"https://test-ufl.pantheonsite.io/using-library/library-things/board-games","https://cucatalog.org/polaris/view.aspx?brs=282110",404,"CU Catalog"
"https://test-ufl.pantheonsite.io/using-library/library-things/child-board-games","https://cucatalog.org/polaris/search/searchresults.aspx?ctx=1.1033.0.0.5&type=Boolean&term=brs=328897&by=KW&sort=MP&limit=&query=&page=0&searchid=1",404,"CU Catalog"
"https://test-ufl.pantheonsite.io/using-library/library-things/child-board-games","https://cucatalog.org/polaris/search/searchresults.aspx?ctx=1.1033.0.0.5&type=Boolean&term=brs=148679&by=KW&sort=MP&limit=&query=&page=0&searchid=2",404,"list"
"https://test-ufl.pantheonsite.io/taxonomy/term/13","https://urbanafreelibrary.org/books-more/getting-started-kanopy",404,"More information on how to use Kanopy"
"https://test-ufl.pantheonsite.io/local-history/using-the-archives/harmful-language","https://www.schaumburglibrary.org/about/about-us#harmful",403,"Schaumburg Township District Library"
"https://test-ufl.pantheonsite.io/local-history/blog/round-barn-redux","https://archivescatalog.urbanafreelibrary.org/polaris/search/searchresults.aspx?ctx=1.1033.0.0.1&type=Keyword&term=round%20barns&by=KW&sort=RELEVANCE&limit=Genre=PHOTOGRAPHS&query=&page=0&searchid=19",404,"catalog"
"https://test-ufl.pantheonsite.io/local-history/blog/chanute-field-wings-available-online","https://idnc.library.illinois.edu/?a=cl&cl=CL1&sp=CHF&e=-------en-20--1--txt-txIN----------",403,"March 1945 to September 1945"
"https://test-ufl.pantheonsite.io/local-history/blog/chanute-field-wings-available-online","https://idnc.library.illinois.edu/?a=cl&cl=CL1&sp=CFW&e=-------en-20--1--txt-txIN----------",403,"May 1941 to March 1943"
"https://test-ufl.pantheonsite.io/local-history/blog/chanute-field-wings-available-online","https://idnc.library.illinois.edu/?a=d&d=CFW19410530-01.1.7&e=-------en-20--1--txt-txIN----------",403,""
"https://test-ufl.pantheonsite.io/local-history/blog/chanute-field-wings-available-online","https://idnc.library.illinois.edu/?a=d&d=CFW19410523-01.1.1&e=-------en-20--1--txt-txIN----------",403,""
"https://test-ufl.pantheonsite.io/local-history/blog/chanute-field-wings-available-online","https://idnc.library.illinois.edu/?a=p&p=countybrowser&reg=Champaign&e=-------en-20--1--txt-txIN----------",403,"Illinois Digital Newspaper Collections"
"https://test-ufl.pantheonsite.io/local-history/blog?page=4","https://www.flickr.com/photos/98945443@N05/52209560351/in/album-72157672834107584/",403,""
"https://test-ufl.pantheonsite.io/local-history/blog?page=5","https://www.news-gazette.com/obituaries/clyde-mckinney/article_eed5e4c3-84ae-5ebf-895a-aee3573575b3.html",403,"Clyde O. ""Mac"" McKinney"
"https://test-ufl.pantheonsite.io/local-history/blog?page=5","https://urbanafreelibrary.org/sites/default/files/page/attachments/2021/04/200.020_Chanute%20AFB%20Open%20House%20Files%20Finding%20Aid.pdf",404,"Open House Files"
"https://test-ufl.pantheonsite.io/local-history/blog?page=6","https://www.sciencemuseum.org.uk/objects-and-stories/ahoy-alexander-graham-bell-and-first-telephone-call",403,""
"https://test-ufl.pantheonsite.io/local-history/blog?page=6","https://test-ufl.pantheonsite.io/sites/default/files/blog/attachments/2021/08/YouthCenterNew_FreeTime_198304_JVB_20210714.pdf",404,"digitized magazine here."
"https://test-ufl.pantheonsite.io/local-history/blog?page=6","https://urbanafreelibrary.org/sites/default/files/page/attachments/2020/02/200.013_Finding%20Aid_CAFBSF-Octave%20Chanute.pdf",404,"Subject Files: Octave Chanute"
"https://test-ufl.pantheonsite.io/local-history/blog?page=6","https://urbanafreelibrary.org/sites/default/files/page/attachments/2021/04/200.019_Chanute%20AFB%20Guest%20Books%20Finding%20Aid.pdf",404,"Chanute Suites Guest Books Collection"
"https://test-ufl.pantheonsite.io/local-history/blog?page=6","https://test-ufl.pantheonsite.io/blogs/2021/05/26/behind-scenes-collection-management-0",404,"Last month"
"https://test-ufl.pantheonsite.io/local-history/blog?page=7","https://www.encyclopedia-titanica.org/titanic-survivor/edward-arthur-dorking.html",403,"Edward “Ed” Arthur Dorkings"
"https://test-ufl.pantheonsite.io/local-history/blog?page=7","http://urbanafreelibrary.org/sites/default/files/page/attachments/2020/02/200.006_Finding%20Aid_CAFBSF-Historiography.pdf",404,"The Chanute Air Force Base Subject Files: Historiography Collection"
"https://test-ufl.pantheonsite.io/local-history/blog?page=7","https://www.ccfpd.org/forest-preserves/homer-lake-illinois",403,"Homer Lake Forest Preserve"
"https://test-ufl.pantheonsite.io/local-history/blog?page=7","https://urbanafreelibrary.org/sites/default/files/page/attachments/2020/02/200.005_Finding%20Aid_CAFBSF-POWMIA.pdf",404,"Chanute Airforce Base's POW/MIA collection"
"https://test-ufl.pantheonsite.io/local-history/blog?page=7","https://archivescatalog.urbanafreelibrary.org/polaris/search/searchresults.aspx?ctx=1.1033.0.0.1&type=Advanced&term=*&relation=ALL&by=KW&bool4=AND&limit=TOM=map&sort=RELEVANCE&page=0&searchid=1",404,"map collection"
"https://test-ufl.pantheonsite.io/local-history/blog?page=7","https://test-ufl.pantheonsite.io/sites/default/files/blog/attachments/2021/01/article_1918-12-13_Sidney%20Times%20%5Bpage1%5D_Board%20Closes%20schools%20again.pdf",404,"influenza"
"https://test-ufl.pantheonsite.io/local-history/blog?page=7","https://urbanafreelibrary.org/sites/default/files/page/attachments/2020/02/200.006_Finding%20Aid_CAFBSF-Historiography.pdf",404,"the correspondence"
"https://test-ufl.pantheonsite.io/local-history/blog?page=7","https://test-ufl.pantheonsite.io/sites/default/files/blog/attachments/2021/01/article_1918-12-06_Sidney%20Times%20%5Bpage%201%5D_Union%20services%20and%20Victory%20song.pdf",404,"performing a duet"
"https://test-ufl.pantheonsite.io/local-history/blog?page=7","https://test-ufl.pantheonsite.io/sites/default/files/blog/attachments/2021/01/front%20page_1918-12-20_Sidney%20Times_Worshipped%20in%20Life%2C%20Honored%20in%20Death_Bentley%2C%20Dorothy.pdf",404,"Sidney Times microfilm"
"https://test-ufl.pantheonsite.io/local-history/blog?page=7","https://idnc.library.illinois.edu/",403,"Illinois Digital Newspaper collection"
"https://test-ufl.pantheonsite.io/local-history/blog?page=7","https://www.flickr.com/photos/98945443@N05/50875100308/in/photostream/",403,""
"https://test-ufl.pantheonsite.io/local-history/blog?page=8","https://idnc.library.illinois.edu/?a=d&d=TUC19340806.2.57&dliv=none&e=-------en-20--1--txt-txIN---------",403,""
"https://test-ufl.pantheonsite.io/local-history/blog?page=30","https://test-ufl.pantheonsite.io/sites/default/files/blog/attachments/2012/11/Parkland%20College%20Registration%20Form.pdf",404,"Parkland College Registration Form"
"https://test-ufl.pantheonsite.io/local-history/collections/oral-histories","http://archivescatalog.urbanafreelibrary.org/polaris/view.aspx?brs=1922",404,"250 oral histories"
"https://test-ufl.pantheonsite.io/using-library/reading-programs/1000-books","https://cucatalog.org/polaris/search/searchresults.aspx?ctx=6.1033.0.0.7&type=Boolean&term=brs=112206&by=KW&sort=TI&limit=&query=&page=0&searchid=2",404,"Books for Babies and Young Toddlers"
"https://test-ufl.pantheonsite.io/using-library/reading-programs/1000-books","https://cucatalog.org/polaris/search/searchresults.aspx?ctx=6.1033.0.0.7&type=Boolean&term=brs=112300&by=KW&sort=PD&limit=&query=&page=0&searchid=4",404,"Books for Two and Three Year Olds"
"https://test-ufl.pantheonsite.io/using-library/reading-programs/1000-books","https://cucatalog.org/polaris/search/searchresults.aspx?ctx=6.1033.0.0.7&type=Boolean&term=brs=112500&by=KW&sort=TI&limit=&query=&page=0&searchid=8",404,"Books for Four and Five Year Olds"
"https://test-ufl.pantheonsite.io/about-us/foundation/foundation-board","https://forms.office.com/r/LSJVG65kDi",405,"this form"
"https://test-ufl.pantheonsite.io/about-us/your-right-to-know/financial-reports","https://test-ufl.pantheonsite.io/sites/default/files/financial-reports/2026-05%20Director's%20Report.pdf",404,"Budget Amendments approved 05/12/26: Director's Report p. 3"
"https://test-ufl.pantheonsite.io/about-us/your-right-to-know/financial-reports","https://test-ufl.pantheonsite.io/sites/default/files/financial-reports/2026-06%20Director's%20Report.pdf",404,"Budget Amendments approved 06/09/26: Director's Report p. 2, 3"
"https://test-ufl.pantheonsite.io/about-us/your-right-to-know/financial-reports","https://test-ufl.pantheonsite.io/sites/default/files/financial-reports/2026-04%20Director's%20Report.pdf",404,"Budget Amendments approved 04/14/26: Director's Report p.2,3"
"https://test-ufl.pantheonsite.io/about-us/your-right-to-know/financial-reports","https://test-ufl.pantheonsite.io/sites/default/files/2026-06-30-vendor-fiscal-year-summary.pdf",404,"FY26 Vendor Fiscal Year Summary"
"https://test-ufl.pantheonsite.io/about-us/your-right-to-know/financial-reports","https://test-ufl.pantheonsite.io/sites/default/files/financial-reports/2026-02%20Director's%20Report.pdf",404,"Budget Amendment approved 02/10/26: Director's Report p.3"
"https://test-ufl.pantheonsite.io/about-us/your-right-to-know/financial-reports","https://test-ufl.pantheonsite.io/sites/default/files/financial-reports/2022-06-17%20YTD%20Report.pdf",404,"Library YTD Budget Report 06172022"
"https://test-ufl.pantheonsite.io/about-us/your-right-to-know/financial-reports","https://test-ufl.pantheonsite.io/sites/default/files/financial-reports/2022-06-17%20Vendor%20Fiscal%20Year%20Summary.pdf",404,"Vendor Fiscal Year Summary 06172022"
"https://test-ufl.pantheonsite.io/library-news/blog/exciting-news-gift-match-challenge-returns","https://nam10.safelinks.protection.outlook.com/?url=https%3A%2F%2Fu39749677.ct.sendgrid.net%2Fls%2Fclick%3Fupn%3Du001.a05uPX7-2B3pHQCqqNdC9c5FHfArwojCZy59msJM5ABLVZ4fsGkvKGsWiZHBTE2FhYIdvUnpxDLYYRnEuYDB8ui7KitvHuHzH7HH7YqXFoyMg-3DLBrw_SuxCGzFTo7Fm1fxDxHAHb1Tqo9LlhDnYnwQwsuLNBRql6i6BMUn-2FWyMyC-2FSnLb530tATTQrXutmY3RGRbhdQ2ARuTClaQmrNkrB3J2cpOzNk89iOnDg1RecHs2eSCYkBWS88pJacu3P7t88VSQ24TEUlrkF2-2Fu94gzvSiCE2bj4uti3QNMuvxLd0jBVl689MwlsOndSCfFMdjasFT8St-2BT7R0-2FhAH2fzkZz1G0evHxz5OBu8P6z5mgKDofUpGq7q07tgSCS-2FYQ77-2Br4PDfh6L-2FgWBuqkOWxdqSwndhvXZ5SEhmYY6EXaJo-2FUEy30WHDQ6ht31aB-2F6J7o1zK0MlZHkG4M1Xp-2Fn6hs5BjB1SfkXrowcjhtFgg4tNNLYfoDTzyR&data=05%7C02%7Cltaylor%40urbanafree.org%7C488cbf7bba1c433e316a08dd147fcb9f%7C7866e27582bd4af2bbef4c64553ac2b9%7C0%7C0%7C638689261322952039%7CUnknown%7CTWFpbGZsb3d8eyJFbXB0eU1hcGkiOnRydWUsIlYiOiIwLjAuMDAwMCIsIlAiOiJXaW4zMiIsIkFOIjoiTWFpbCIsIldUIjoyfQ%3D%3D%7C0%7C%7C%7C&sdata=Jfi1tmGggRV9v2WDY2zuIWHldyvmr0FpxVJ4zXb6NEM%3D&reserved=0",500,"Double Your Impact! Gift Match Challenge"
"https://test-ufl.pantheonsite.io/library-news/blog/exciting-news-gift-match-challenge-returns","https://nam10.safelinks.protection.outlook.com/?url=https%3A%2F%2Fu39749677.ct.sendgrid.net%2Fls%2Fclick%3Fupn%3Du001.a05uPX7-2B3pHQCqqNdC9c5FHfArwojCZy59msJM5ABLVDY51MJYksGyQ8NUQFnEutdbfyvLno-2B93RGrCMKe-2B-2BLED8nGBJWF727PfF72ROYps-3DNn2p_SuxCGzFTo7Fm1fxDxHAHb1Tqo9LlhDnYnwQwsuLNBRql6i6BMUn-2FWyMyC-2FSnLb530tATTQrXutmY3RGRbhdQ2ARuTClaQmrNkrB3J2cpOzNk89iOnDg1RecHs2eSCYkBWS88pJacu3P7t88VSQ24TEUlrkF2-2Fu94gzvSiCE2bj4uti3QNMuvxLd0jBVl689MwlsOndSCfFMdjasFT8St-2BT7R0-2FhAH2fzkZz1G0evHxzfLUoQTvCBBdBeCzn7iCBCsP-2B18941vb-2B8QDV6kT8WFGjg4VoEEytSxQNpxtQLTfel8KJvRn6q2VyL4pRhxcbixd-2BNRrI9WLUIaYMp6SjX7esJqyUDX0CNfx2k-2FufykW6KBwiiPiAOyNbQtxOAzZTj&data=05%7C02%7Cltaylor%40urbanafree.org%7C488cbf7bba1c433e316a08dd147fcb9f%7C7866e27582bd4af2bbef4c64553ac2b9%7C0%7C0%7C638689261323030793%7CUnknown%7CTWFpbGZsb3d8eyJFbXB0eU1hcGkiOnRydWUsIlYiOiIwLjAuMDAwMCIsIlAiOiJXaW4zMiIsIkFOIjoiTWFpbCIsIldUIjoyfQ%3D%3D%7C0%7C%7C%7C&sdata=LrKwEnUzTQb2dz8%2FDI41TxYAYIZ0mkTmaDan59jQjH8%3D&reserved=0",500,"Make a donation"
"https://test-ufl.pantheonsite.io/library-news/blog/exciting-news-gift-match-challenge-returns","https://nam10.safelinks.protection.outlook.com/?url=https%3A%2F%2Fu39749677.ct.sendgrid.net%2Fls%2Fclick%3Fupn%3Du001.a05uPX7-2B3pHQCqqNdC9c5E4o1HfAdTPROGk1g2KtjkQGfuf6SMOXAkdVtAkDnxAhQsRfM3jp-2BcF8ydlrjPhJPg-3D-3DLR4m_SuxCGzFTo7Fm1fxDxHAHb1Tqo9LlhDnYnwQwsuLNBRql6i6BMUn-2FWyMyC-2FSnLb530tATTQrXutmY3RGRbhdQ2ARuTClaQmrNkrB3J2cpOzNk89iOnDg1RecHs2eSCYkBWS88pJacu3P7t88VSQ24TEUlrkF2-2Fu94gzvSiCE2bj4uti3QNMuvxLd0jBVl689MwlsOndSCfFMdjasFT8St-2BT7R0-2FhAH2fzkZz1G0evHxwyC9twfCxbaPJMKKqSnRf8EDJkAlJ-2BZHmwMtSI59tq-2FOoQ76-2BKERbrsk-2BtpshhyjmidyrYkGdpv3WyFBLu-2BaEhiZa9E0WRFBCX6JZCzgXH9dZg-2B3QAzKCBCBxYgYnowtM0oUzcDDIA2-2FcktSPSYCN4&data=05%7C02%7Cltaylor%40urbanafree.org%7C488cbf7bba1c433e316a08dd147fcb9f%7C7866e27582bd4af2bbef4c64553ac2b9%7C0%7C0%7C638689261322966849%7CUnknown%7CTWFpbGZsb3d8eyJFbXB0eU1hcGkiOnRydWUsIlYiOiIwLjAuMDAwMCIsIlAiOiJXaW4zMiIsIkFOIjoiTWFpbCIsIldUIjoyfQ%3D%3D%7C0%7C%7C%7C&sdata=mwVH88HvJWkp3BYL8VNXVRHOHX%2B19QpNDX0Da70FAz8%3D&reserved=0",500,"The Urbana Free Library"
"https://test-ufl.pantheonsite.io/library-news/blog/exciting-news-gift-match-challenge-returns","https://nam10.safelinks.protection.outlook.com/?url=https%3A%2F%2Fu39749677.ct.sendgrid.net%2Fls%2Fclick%3Fupn%3Du001.a05uPX7-2B3pHQCqqNdC9c5FHfArwojCZy59msJM5ABLVZ4fsGkvKGsWiZHBTE2FhYIdvUnpxDLYYRnEuYDB8ui7KitvHuHzH7HH7YqXFoyMg-3DldyW_SuxCGzFTo7Fm1fxDxHAHb1Tqo9LlhDnYnwQwsuLNBRql6i6BMUn-2FWyMyC-2FSnLb530tATTQrXutmY3RGRbhdQ2ARuTClaQmrNkrB3J2cpOzNk89iOnDg1RecHs2eSCYkBWS88pJacu3P7t88VSQ24TEUlrkF2-2Fu94gzvSiCE2bj4uti3QNMuvxLd0jBVl689MwlsOndSCfFMdjasFT8St-2BT7R0-2FhAH2fzkZz1G0evHxzDcQISSOppmZZ4Q-2FFh6SFVP3bCr6tXRRrozI0H2ohZ7WtB9pI3NCTaeA6ehIZY-2FsteK0Pp47ujh5YXxBETztxKhRzgnxqQaSjiSQrR7V6BPlU8od80aqRwusX8iZap5ebFCVo1Dpp28pXzTCX2ZVy3&data=05%7C02%7Cltaylor%40urbanafree.org%7C488cbf7bba1c433e316a08dd147fcb9f%7C7866e27582bd4af2bbef4c64553ac2b9%7C0%7C0%7C638689261322984169%7CUnknown%7CTWFpbGZsb3d8eyJFbXB0eU1hcGkiOnRydWUsIlYiOiIwLjAuMDAwMCIsIlAiOiJXaW4zMiIsIkFOIjoiTWFpbCIsIldUIjoyfQ%3D%3D%7C0%7C%7C%7C&sdata=7zbzTvn0AaL%2FZB%2FUr88c0r81VfNtKr0ZVrxkWRxKsi4%3D&reserved=0",500,"Donate to the Foundation"
"https://test-ufl.pantheonsite.io/library-news/blog/exciting-news-gift-match-challenge-returns","https://nam10.safelinks.protection.outlook.com/?url=https%3A%2F%2Fu39749677.ct.sendgrid.net%2Fls%2Fclick%3Fupn%3Du001.a05uPX7-2B3pHQCqqNdC9c5FHfArwojCZy59msJM5ABLVZ4fsGkvKGsWiZHBTE2FhYIdvUnpxDLYYRnEuYDB8ui7KitvHuHzH7HH7YqXFoyMg-3Dm856_SuxCGzFTo7Fm1fxDxHAHb1Tqo9LlhDnYnwQwsuLNBRql6i6BMUn-2FWyMyC-2FSnLb530tATTQrXutmY3RGRbhdQ2ARuTClaQmrNkrB3J2cpOzNk89iOnDg1RecHs2eSCYkBWS88pJacu3P7t88VSQ24TEUlrkF2-2Fu94gzvSiCE2bj4uti3QNMuvxLd0jBVl689MwlsOndSCfFMdjasFT8St-2BT7R0-2FhAH2fzkZz1G0evHxyye0fSMLpwkU4QvnWGLBhRomvFHsDv8L9JaZn2kDNUlXO4r0kJzyXreZYwX2imFCyAjZ7V1RBwE3jeH-2FSp48OVj8Nym8CxrgzjBBALgNgUDtve511zYHCX0eSQkZutoUjylxsKWZffgzrMmwYRsWpQ&data=05%7C02%7Cltaylor%40urbanafree.org%7C488cbf7bba1c433e316a08dd147fcb9f%7C7866e27582bd4af2bbef4c64553ac2b9%7C0%7C0%7C638689261323045561%7CUnknown%7CTWFpbGZsb3d8eyJFbXB0eU1hcGkiOnRydWUsIlYiOiIwLjAuMDAwMCIsIlAiOiJXaW4zMiIsIkFOIjoiTWFpbCIsIldUIjoyfQ%3D%3D%7C0%7C%7C%7C&sdata=PrX4S79xAAXe6Q6qOv4Z9Qi3TF%2B5oj2ciQnMPPqOJe8%3D&reserved=0",500,"challenge"
"https://test-ufl.pantheonsite.io/library-news/blog/board-trustees-announces-appointment-new-library-executive-director","https://www.news-gazette.com/arts-entertainment/c-u-native-headed-home-as-new-library-director/article_228dd3cb-e6a3-4f81-b860-2738187bbfa0.html",403,"Read more in the News-Gazette."
"https://test-ufl.pantheonsite.io/library-news/blog/giant-desk-concert","https://www.meijer.com/",403,"www.meijer.com"
"https://test-ufl.pantheonsite.io/library-news/blog/giant-desk-concert","https://www.drgsbrainworks.com/",FAILED,"www.drgsbrainworks.com"
"https://test-ufl.pantheonsite.io/library-news/blog/artists-have-been-selected-urbana-free-librarys-artist-residence-program","https://urbanaillinois.us/arts",FAILED,"Urbana Arts and Culture Program"
"https://test-ufl.pantheonsite.io/using-library/services/computer-internet/laptops","https://cucatalog.org/polaris/search/searchresults.aspx?ctx=6.1033.0.0.1&type=Boolean&term=MAT=92%20AND%20TI=Chromebook%20NOT%20TI=Acer&by=KW&sort=TI&limit=&query=&page=0",404,"Chromebooks"
"https://test-ufl.pantheonsite.io/local-history/blog/digging-community-cookbook-collection","https://wiley.usd116.org/about/",FAILED,"Wiley Elementary School"
"https://test-ufl.pantheonsite.io/local-history/blog/digging-community-cookbook-collection","http://archivescatalog.urbanafreelibrary.org/polaris/view.aspx?ctx=6&brs=3236",404,"collection of nearly 200 local cookbooks"
"https://test-ufl.pantheonsite.io/local-history/blog/people-who-made-150-years-possible-nelle-carpenter","https://www.news-gazette.com/news/tom-kacich-century-old-journals-shed-new-light-on-c-u-pioneer/article_ef202fd4-34a8-5886-b436-2e29ac02fe2a.html",403,"journals"
"https://test-ufl.pantheonsite.io/local-history/blog/people-saving-places-alice-novak","https://savingplaces.org/stories/preservation-month-2024",404,"People Saving Places"
"https://test-ufl.pantheonsite.io/local-history/blog/shelves-archives","https://newscomwc.newspapers.com/image/668131856",403,"Urbana-Courier Herald on February 1, 1910, page 1"
"https://test-ufl.pantheonsite.io/local-history/blog/newly-digitized-st-joseph-record","https://idnc.library.illinois.edu/?a=cl&cl=CL1&sp=STJ&e=-------en-20--1--txt-txIN----------",403,"Illinois Digital Newspaper Collection"
"https://test-ufl.pantheonsite.io/local-history/blog/winter-events-archives","https://bookshop.org/p/books/lizzie-s-story-a-slave-family-s-journey-to-freedom-clarice-boswell/7488787?ean=9781403332905",403,"Lizzie’s Story: A Slave Family’s Journey to Freedom"
"https://test-ufl.pantheonsite.io/local-history/blog/winter-events-archives","https://www.meadowbrookahistory.com/",FAILED,"Meadowbrook Park: A History"
"https://test-ufl.pantheonsite.io/local-history/blog/100th-anniversary-memorial-stadium","https://fightingillini.com/facilities/memorial-stadium/64",FAILED,"https://fightingillini.com/facilities/memorial-stadium/64"
"https://test-ufl.pantheonsite.io/local-history/blog/digital-preservation-practicum-experience","https://blogs.loc.gov/thesignal/2019/04/bagit-at-the-library-of-congress/",403,"blog post"
"https://test-ufl.pantheonsite.io/local-history/blog/digital-preservation-practicum-experience","https://samvera.org/about/samvera-community-sourced-software",404,"Samvera"
"https://test-ufl.pantheonsite.io/local-history/blog/april-showers-bring-may-flowers-and-preservation-risks","https://www.nedcc.org/free-resources/preservation-leaflets/3.-emergency-management/3.1-protection-from-loss-water-and-fire-damage,-biological-agents,-theft,-and-vandalism",403,"Emergency Management"
"https://test-ufl.pantheonsite.io/local-history/blog/finding-fultons-part-3","https://archivescatalog.urbanafreelibrary.org/polaris/search/searchresults.aspx?ctx=1.1033.0.0.1&type=Keyword&term=finding%20female%20ancestors&by=KW&sort=RELEVANCE&limit=TOM=*&query=&page=0&searchid=1",404,"reference guide"
"https://test-ufl.pantheonsite.io/local-history/blog/finding-fultons-part-2","https://www.familysearch.org/en/",FAILED,"Family Search"
"https://test-ufl.pantheonsite.io/local-history/blog/mapping-champaign-county-legacy-alexander-bowman","https://blogs.bl.uk/magnificentmaps/2010/07/magnificent-maps-that-didnt-make-the-exhibition-5.html",404,"Magnificent Maps"
"https://test-ufl.pantheonsite.io/local-history/blog/chanutes-ole-farts-club-and-retiree-activities-club","https://urbanafreelibrary.org/sites/default/files/page/attachments/2022/05/200.027_Finding%20Aid_CAFB_Photograph.pdf",404,"here"
"https://test-ufl.pantheonsite.io/local-history/blog/newly-processed-collections-boneyard-creek","https://www.flickr.com/photos/98945443@N05/52209560446/in/album-72157672834107584/",403,""
"https://test-ufl.pantheonsite.io/local-history/blog/newly-processed-collections-boneyard-creek","https://www.urbanaillinois.us/sites/default/files/attachments/1978%20Boneyard%20Master%20Plan.pdf",FAILED,"master plan"
"https://test-ufl.pantheonsite.io/local-history/blog/juneteenth-celebrations","https://www.urbanaparks.org/events/free-hvnt-juneteenth-celebration/",404,"HV Neighborhood Transformation Juneteenth Celebration, Saturday, June 18, 2022, 02:00 pm - 07:00 pm, Crestview Park, Urbana"
"https://test-ufl.pantheonsite.io/local-history/blog/dining-chanute-air-force-base","https://urbanafreelibrary.org/sites/default/files/page/attachments/2020/02/200.002_Finding%20Aid_CAFBSF-Buildings.pdf",404,"buildings collection"
"https://test-ufl.pantheonsite.io/local-history/blog/more-housewives-should-fly-women-aviation-and-organization-supports-them","https://test-ufl.pantheonsite.io/sites/default/files/blog/attachments/2022/03/Helen%20Grienke_Bio.pdf",404,"Helen Greinke"
"https://test-ufl.pantheonsite.io/local-history/blog/its-syllabus-day-instructors-and-students-nco-leadership-school","https://urbanafreelibrary.org/sites/default/files/page/attachments/2020/02/200.009_Finding%20Aid_CAFB-Non%20Commissioned%20Officers.pdf",404,"Non-Commissioned Officers collection."
"https://test-ufl.pantheonsite.io/local-history/blog/chanute-snapshot-look-1972","https://urbanafreelibrary.org/sites/default/files/page/attachments/2021/08/200.022_Finding%20Aid_Chanute%20AFB%20Years%20Files%20Updated.pdf",404,"here"
"https://test-ufl.pantheonsite.io/local-history/blog/chanute-air-force-bases-resident-clothing-historian-master-sergeant-gary-t","https://www.flickr.com/photos/98945443@N05/51831339215/in/album-72157672834107584/",403,""
"https://test-ufl.pantheonsite.io/local-history/blog/illinois-times-newspaper-black-c-u-community","https://idnc.library.illinois.edu/?a=cl&cl=CL1&sp=TIT&e=-------en-20--1--img-txIN----------",403,"online"
"https://test-ufl.pantheonsite.io/local-history/blog/illinois-times-newspaper-black-c-u-community","https://archivescatalog.urbanafreelibrary.org/polaris/search/searchresults.aspx?ctx=1.1033.0.0.1&type=Keyword&term=illinois%20times&by=KW&sort=RELEVANCE&limit=TOM=*&query=&page=0&searchid=3&pos=3#__pos-3",404,"microfilm"
"https://test-ufl.pantheonsite.io/local-history/blog/patches-patches-and-patches-processing-chanute-heritage-committee-collection","https://urbanafreelibrary.org/sites/default/files/page/attachments/2022/01/200.026_Chanute%20Heritage%20Committee%20USAF%20Display.pdf",404,"here"
"https://test-ufl.pantheonsite.io/local-history/blog/grateful-dead-descend-assembly-hall","https://archive.org/details/gd73-02-21.sbd.hamilton.165.sbeok.shnf",FAILED,"February 21, 1973"
"https://test-ufl.pantheonsite.io/local-history/blog/wwii-office-price-administration-tokens","https://collections.ushmm.org/search/catalog/irn521012",FAILED,"United States Holocaust Memorial Museum"
"https://test-ufl.pantheonsite.io/local-history/blog/documenting-chanute-experience-collection-leo-w-streff","https://www.flickr.com/photos/98945443@N05/51737601266/in/album-72157672834107584/",403,""
"https://test-ufl.pantheonsite.io/local-history/blog/news-gazette-collection-update","https://urbanafreelibrary.org/local-history-genealogy/news-gazette-archives-collection",404,"website"
"https://test-ufl.pantheonsite.io/local-history/blog/news-gazette-collection-update","https://urbanafreelibrary.org/local-history-genealogy/how-order-copies",404,"How to Order Copies"
"https://test-ufl.pantheonsite.io/local-history/blog/paca-digitization-project","https://urbanafreelibrary.org/blogs/2021/04/25/ever-wonder-about-history-your-home",404,"Ever Wonder about the history of your home"
"https://test-ufl.pantheonsite.io/local-history/blog/paca-digitization-project","https://urbanafreelibrary.org/blogs/2021/05/07/c-us-historic-buildings-and-preservation-and-conservation-association",404,"The Greek Revival Cottage"
"https://test-ufl.pantheonsite.io/local-history/blog/paca-digitization-project","https://www.visitchampaigncounty.org/things-to-do/shopping?id=525116",FAILED,"PACA Warehouse"
"https://test-ufl.pantheonsite.io/local-history/blog/latinx-resources-archives","https://archivescatalog.urbanafreelibrary.org/polaris/search/searchresults.aspx?ctx=1.1033.0.0.1&type=Keyword&term=Guide%20to%20Cuban%20Genealogical%20Research&by=KW&sort=RELEVANCE&limit=TOM=*&query=&page=0&searchid=20",404,"Guide to Cuban Genealogical Research"
"https://test-ufl.pantheonsite.io/local-history/blog/latinx-resources-archives","https://archivescatalog.urbanafreelibrary.org/polaris/search/searchresults.aspx?ctx=1.1033.0.0.1&type=Keyword&term=Tracing%20your%20Hispanic%20heritage&by=KW&sort=RELEVANCE&limit=TOM=*&query=&page=0&searchid=5",404,"Tracing your Hispanic heritage"
"https://test-ufl.pantheonsite.io/local-history/blog/latinx-resources-archives","https://archivescatalog.urbanafreelibrary.org/polaris/search/searchresults.aspx?ctx=1.1033.0.0.1&type=Keyword&term=Mexican%20genealogy%20research%20online%20:%20a%20guide%20to%20help%20you%20discover%20your%20ancestry&by=KW&sort=RELEVANCE&limit=TOM=*&query=&page=0&searchid=19",404,"Mexican Genealogy Research Online: A Guide to Help You Discover Your Ancestry"
"https://test-ufl.pantheonsite.io/local-history/blog/latinx-resources-archives","https://archivescatalog.urbanafreelibrary.org/polaris/search/searchresults.aspx?ctx=1.1033.0.0.1&type=Keyword&term=Finding%20your%20Mexican%20ancestors:%20a%20beginner%27s%20guide&by=KW&sort=RELEVANCE&limit=TOM=*&query=&page=0&searchid=9",404,"Finding your Mexican ancestors: a beginner's guide"
"https://test-ufl.pantheonsite.io/local-history/blog/latinx-resources-archives","https://archivescatalog.urbanafreelibrary.org/polaris/search/searchresults.aspx?ctx=1.1033.0.0.1&type=Keyword&term=Census%20records%20for%20Latin%20America%20and%20the%20Hispanic%20United%20States&by=KW&sort=RELEVANCE&limit=TOM=*&query=&page=0&searchid=8",404,"Census records for Latin America and the Hispanic United States"
"https://test-ufl.pantheonsite.io/local-history/blog/latinx-resources-archives","https://archivescatalog.urbanafreelibrary.org/polaris/search/searchresults.aspx?ctx=1.1033.0.0.1&type=Keyword&term=Snapshot%20of%20the%20Latino%20population%20in%20Champaign%20County&by=KW&sort=RELEVANCE&limit=TOM=*&query=&page=0&searchid=3",404,"Snapshot of the Latino population in Champaign County"
"https://test-ufl.pantheonsite.io/local-history/blog/latinx-resources-archives","https://archivescatalog.urbanafreelibrary.org/polaris/search/searchresults.aspx?ctx=1.1033.0.0.1&type=Keyword&term=Hispanic%20surnames%20and%20family%20history&by=KW&sort=RELEVANCE&limit=TOM=*&query=&page=0&searchid=6",404,"Hispanic surnames and family history"
"https://test-ufl.pantheonsite.io/local-history/blog/latinx-resources-archives","https://archivescatalog.urbanafreelibrary.org/polaris/search/searchresults.aspx?ctx=1.1033.0.0.1&type=Keyword&term=Finding%20your%20Hispanic%20roots&by=KW&sort=RELEVANCE&limit=TOM=*&query=&page=0&searchid=7",404,"Finding your Hispanic roots"
"https://test-ufl.pantheonsite.io/local-history/blog/finding-right-home-recent-donation","https://idnc.library.illinois.edu/?a=d&d=TUC19100505.2.69&srpos=2&e=------191-en-20-TUC-1--img-txIN-Julia+Romine----1910-----",403,"this article"
"https://test-ufl.pantheonsite.io/local-history/blog/finding-right-home-recent-donation","https://idnc.library.illinois.edu/?a=p&p=home&e=------191-en-20-TUC-1--img-txIN-Julia+Romine----1910-----",403,"Illinois Digital Newspaper Collections"
"https://test-ufl.pantheonsite.io/local-history/blog/finding-right-home-recent-donation","https://urbanafreelibrary.org/local-history-genealogy/databases-research-tools",404,"Ancestry.com"
"https://test-ufl.pantheonsite.io/local-history/blog/monument-company-records-another-primary-source-cemetery-research","https://archivescatalog.urbanafreelibrary.org/polaris/search/searchresults.aspx?ctx=1.1033.0.0.1&type=Keyword&term=s.p.%20atkinson%20monument%20co&by=KW&sort=RELEVANCE&limit=TOM=*&query=&page=0&searchid=2",404,"The S.P. Atkinson Monument Co."
"https://test-ufl.pantheonsite.io/local-history/blog/monument-company-records-another-primary-source-cemetery-research","https://archivescatalog.urbanafreelibrary.org/polaris/search/searchresults.aspx?ctx=1.1033.0.0.1&type=Keyword&term=CLARK%20MONUMENT%20COMPANY%20RECORDS&by=KW&sort=RELEVANCE&limit=TOM=*&query=&page=0&searchid=6",404,"C.N. Clark Monument Company"
"https://test-ufl.pantheonsite.io/local-history/blog?page=9","https://www.merriam-webster.com/dictionary/kinesics",403,"kinesics"
"https://test-ufl.pantheonsite.io/local-history/blog?page=9","https://archivescatalog.urbanafreelibrary.org/polaris/search/searchresults.aspx?ctx=1.1033.0.0.1&type=Keyword&term=75%20year%20pictorial%20history%20of%20Chanute%20Air%20Force%20Base,%20Rantoul,%20Illinois&by=KW&sort=RELEVANCE&limit=TOM=bks&query=&page=0&searchid=7",404,"75-year pictorial history of Chanute Air Force Base"
"https://test-ufl.pantheonsite.io/local-history/blog?page=9","https://www.beatlesbible.com/people/maharishi-mahesh-yogi/#jp-carousel-12193",403,""
"https://test-ufl.pantheonsite.io/local-history/blog?page=9","https://www.legacy.com/us/obituaries/citizen-times/name/major-general-edwin-w-robertson-obituary?n=major-general-edwin-w-robertson&pid=194754028&fhid=26850",403,"Major General Edwin W. Robertson"
"https://test-ufl.pantheonsite.io/local-history/blog/look-back-new-chanute-youth-center","https://test-ufl.pantheonsite.io/sites/default/files/blog/attachments/2021/08/YouthCenterNew_Pacesetter19830429_JVB_20210714.pdf",404,"The Pacesetter."
"https://test-ufl.pantheonsite.io/local-history/blog/man-himself-octave-chanute","https://www.loc.gov/item/31015366/",403,"Progress in Flying Machines"
"https://test-ufl.pantheonsite.io/local-history/blog/man-himself-octave-chanute","https://www.loc.gov/search/?fa=partof:octave+chanute+papers,+1807-1955:+special+correspondence,+1890-1910",403,"view online"
"https://test-ufl.pantheonsite.io/local-history/blog/wheres-walter-searching-clues-obituaries","https://www.ancestry.com/",403,"Ancestry.com"
"https://test-ufl.pantheonsite.io/local-history/blog/enjoy-your-stay-look-chanute-suites","https://www.flickr.com/photos/98945443@N05/51316160294/in/photostream/",403,""
"https://test-ufl.pantheonsite.io/local-history/blog/enjoy-your-stay-look-chanute-suites","https://www.flickr.com/photos/98945443@N05/51315431196/in/photostream/",403,""
"https://test-ufl.pantheonsite.io/local-history/blog/enjoy-your-stay-look-chanute-suites","https://www.flickr.com/photos/98945443@N05/51315431251/in/photostream/",403,""
"https://test-ufl.pantheonsite.io/local-history/blog/cemetery-funeral-home-and-death-records-champaign-county","http://sites.rootsweb.com/~ilacdar/index.html",403,"Alliance Chapter of the Daughters of the American Revolution"
"https://test-ufl.pantheonsite.io/local-history/blog/21-cent-international-airmail-stamps-featuring-octave-chanute-his-biplane-hang","https://postalmuseum.si.edu/object/npm_2006.2004.111.1-2",403,"Smithsonian National Postal Museum's website"
"https://test-ufl.pantheonsite.io/local-history/blog/behind-scenes-collection-management-part-2","https://watermark.silverchair.com/aarc_25_4_1158q96681r03001.pdf?token=AQECAHi208BE49Ooan9kkhW_Ercy7Dm3ZL_9Cf3qfKAc485ysgAAAwEwggL9BgkqhkiG9w0BBwagggLuMIIC6gIBADCCAuMGCSqGSIb3DQEHATAeBglghkgBZQMEAS4wEQQM9zyoMO12gpUb326OAgEQgIICtJpS_4V7GZEWUidhakoFzr9Nr7F-laOEu1KG03WI1eEU1y7fFwf_1iHL155ogtl0eTdbJ7R5JzfmBkTJThR9T4ZWGUkBF2GwnuT--axIHKzBmxdVdMyyuoQR1yMYiWFBzm2IcdBr_QL4iSzY0DGxg0ikcVTuCeLBL4frEjUy3QtQfFMUE_BK9xHglAvBcu0C8H5JoLvHI5Yy6sMETYscY5TniniSbI7HeJGXi66NG_0HNQ8wA8qcczYjZQosbZMEuWJjv9rAJ8jANblfE7vWNt2sT3s51L63XdyHyadAfv5EN6UVwMDzhsCxvPtFF4p06KhJ_hT8WLy7iBKijZUFnwgdZwJnXCDPYi1Ae87bLtAAIxVvn4D36zWIq_aTtp4SnMGpX6XTQTtadOQxk0YSeaH_rs-L6x6P726kUfJ8ZzJrzvPHbNFlSRN_dwJ204eRSn3UM3Lufv065iznFyVkgIBw2FuLowCepTQVp1l25D3rJ-MK7vAY8K8VlDvRN39toDig-I1e4jvZOdflWGhPE0OZWuvff18qcARtL6QDs2plDulXPTp3KIMceM0nPUn0mD61wx7liW5p3R0-7HViRm8ATz3GX_9kTHbRproMpF3tl0U9MwmjX_-uHLzDDRrya8zKdL2ASrdzNvHWUiuVZqfOlmk231oEaXk9MoFNmzR_FnOt_1oOJsT0Ivh3hJ5DFAhNgFSY_PC4e5GbT5ygGxMkto_3tzsqZXdxb87_uYCIER1dhjcc8_2PaORBq9cxQ5sE4elqenytK-XD_-gV0_Zrae47pARjEQiogHO1vh6IjMVLx68svYgS9KDea0N-QK8O72-Ui6ekFTywIUK2mp5Ka_KWcrWKUKb_crc4x0UdRq7TOVMu63PhCtpWH-YeCHb3D8e2-PDcG5YSRZ8XivjjC5rq",FAILED,"Packing, Labeling, and Shelving at the National Archives"
"https://test-ufl.pantheonsite.io/local-history/blog/chanute-base-histories-collection","https://urbanafreelibrary.org/sites/default/files/page/attachments/2021/03/Chanute%20AFB%20Base%20Histories%20Finding%20Aid.pdf",404,"here"
"https://test-ufl.pantheonsite.io/local-history/blog?page=10","https://www.amazon.com/Counties-Britain-Tudor-Atlas/dp/1857936124",405,""
"https://test-ufl.pantheonsite.io/local-history/blog?page=10","http://www.ilga.gov/legislation/ilcs/ilcs3.asp?ActID=1684&ChapterID=40",FAILED,"Farm Names Act"
"https://test-ufl.pantheonsite.io/local-history/blog?page=10","https://www.news-gazette.com/news/local/2019-05-26/overnight-storm-batters-c-u-area.html",403,"end of May"
"https://test-ufl.pantheonsite.io/local-history/blog?page=10","https://www.theguitarjournal.com/what-is-newgrass-music/",404,"n"
"https://test-ufl.pantheonsite.io/local-history/blog/c-us-historic-buildings-and-preservation-and-conservation-association","https://explorecu.org/items/show/299",404,"Greek Revival Cottage"
"https://test-ufl.pantheonsite.io/local-history/blog/c-us-historic-buildings-and-preservation-and-conservation-association","https://explorecu.org/items/show/298",404,"Cattle Bank building"
"https://test-ufl.pantheonsite.io/local-history/blog/behind-scenes-collection-management","https://asistdl.onlinelibrary.wiley.com/doi/10.1002/(SICI)1097-4571(199409)45:8%3C572::AID-ASI11%3E3.0.CO;2-X",403,"User-Centered Indexing"
"https://test-ufl.pantheonsite.io/local-history/blog/behind-scenes-collection-management","https://www.nytimes.com/2017/04/21/arts/a-new-parchment-declaration-of-independence-surfaces-head-scratching-ensues.html?_r=1",403,"A New Parchment Declaration of Independence Surfaces. Head-Scratching Ensues"
"https://test-ufl.pantheonsite.io/local-history/blog/historic-maple-grove","https://test-ufl.pantheonsite.io/sites/default/files/blog/attachments/2021/03/Sweet%20thing%20Visitors%20flow%20to%20Maple%20sugar%20days_CO%5Bpage%208%5D_03-11-1979.pdf",404,"here"
"https://test-ufl.pantheonsite.io/local-history/blog/historic-maple-grove","https://test-ufl.pantheonsite.io/sites/default/files/blog/attachments/2021/03/Maple%20Sugar%20Days%20abour_CO%5Bpage%205%7D%20march%209%2C%201979.pdf",404,"here"
"https://test-ufl.pantheonsite.io/local-history/blog/historic-maple-grove","https://test-ufl.pantheonsite.io/sites/default/files/blog/attachments/2021/03/map%20homer%20lake%20year%20unknown.pdf",404,"This map"
"https://test-ufl.pantheonsite.io/local-history/blog/historic-maple-grove","https://test-ufl.pantheonsite.io/sites/default/files/blog/attachments/2021/03/Sugar%20Bush%20still%20produces_CO%5Bpage%203%5D_03-20-1978.pdf",404,"here"
"https://test-ufl.pantheonsite.io/local-history/blog/look-inside-chanute-powmia-collection","https://www.afapo.hq.af.mil/Public/Presentation/Artists/artistsdetail.cfm?Letter=M&value=410",FAILED,"United States Air Force Art Collection website"
"https://test-ufl.pantheonsite.io/local-history/blog/map-collection-champaign-county-historical-archives","https://www.loc.gov/collections/sanborn-maps/about-this-collection/",403,"The Sanborn Map Company"
"https://test-ufl.pantheonsite.io/local-history/blog/bettye-krolicks-contributions-braille-music-transcription","https://blogs.loc.gov/nls-music-notes/category/bettye-krolick/",403,"Library of Congress blog posts"
"https://test-ufl.pantheonsite.io/local-history/blog/bettye-krolicks-contributions-braille-music-transcription","https://www.tributearchive.com/obituaries",405,"obituary"
"https://test-ufl.pantheonsite.io/local-history/blog/bettye-krolicks-contributions-braille-music-transcription","https://www.muphiepsilon.org/page/MissionValues",404,"Mu Phi Epsilon"
"https://test-ufl.pantheonsite.io/local-history/blog/dorothy-gertrude-bentley-and-1918-flu","https://test-ufl.pantheonsite.io/sites/default/files/blog/attachments/2021/01/obit_1918-12-20_Sidney%20Times%20%5Bpage%201%5D_Bentley%2C%20Gertrude.pdf",404,"obituary"
"https://test-ufl.pantheonsite.io/local-history/blog/greetings-chanute-envelope-art-ladd-canney","https://www.flickr.com/photos/98945443@N05/50875807591/in/photostream/",403,""
"https://test-ufl.pantheonsite.io/local-history/blog/greetings-chanute-envelope-art-ladd-canney","https://www.flickr.com/photos/98945443@N05/50875912632/in/photostream/",403,""
"https://test-ufl.pantheonsite.io/local-history/blog/greetings-chanute-envelope-art-ladd-canney","https://www.flickr.com/photos/98945443@N05/50875912857/in/photostream/",403,""
"https://test-ufl.pantheonsite.io/local-history/blog/memoriam-robert-k-mccandless-1928-2020-and-raymond-bial-1948-2021","https://www.news-gazette.com/obituaries/robert-k-mccandless/article_33247a92-496a-11eb-9261-871b9cdb8209.html",403,"died"
"https://test-ufl.pantheonsite.io/local-history/blog/memoriam-robert-k-mccandless-1928-2020-and-raymond-bial-1948-2021","https://www.news-gazette.com/obituaries/raymond-bial/article_06b72dfa-4d58-11eb-abea-308d99b27af3.html",403,"died"
"https://test-ufl.pantheonsite.io/local-history/blog/memoriam-robert-k-mccandless-1928-2020-and-raymond-bial-1948-2021","https://cucatalog.org/polaris/search/searchresults.aspx?ctx=6.1033.0.0.1&type=Keyword&term=In%20all%20my%20years:%20Portraits%20of%20older%20blacks%20in%20Champaign-Urbana&by=KW&sort=RELEVANCE&limit=TOM=*&query=&page=0&searchid=1#__pos-1",404,"In all my years: portraits of older Blacks in Champaign-Urbana"
"https://test-ufl.pantheonsite.io/local-history/blog?page=11","https://archivescatalog.urbanafreelibrary.org/polaris/search/searchresults.aspx?ctx=1.1033.0.0.1&type=Keyword&term=75%20pictorial%20history%20of%20Chanute&by=KW&sort=RELEVANCE&limit=TOM=*&query=&page=0&searchid=3",404,"book"
"https://test-ufl.pantheonsite.io/local-history/blog?page=11","https://www.nytimes.com/2019/04/10/obituaries/charles-van-doren-dead.html?searchResultPosition=1",403,"died"
"https://test-ufl.pantheonsite.io/local-history/blog?page=11","https://www.freepatentsonline.com/2271921.pdf",FAILED,"patent"
"https://test-ufl.pantheonsite.io/local-history/blog?page=11","https://www.worthpoint.com/worthopedia/vintage-luker-cake-re-kul-angel-food-1814253697",403,""
"https://test-ufl.pantheonsite.io/local-history/blog?page=11","https://test-ufl.pantheonsite.io/blogs/2022/04/03/professional-wrestling-champaign-urbana-part-1",404,"PART 1"
"https://test-ufl.pantheonsite.io/local-history/blog/battle-seattle-and-founding-urbana-champaign-independent-media-center","https://www.ucimc.org/",403,"Urbana-Champaign Independent Media Center (UCIMC)"
"https://test-ufl.pantheonsite.io/local-history/blog/battle-seattle-and-founding-urbana-champaign-independent-media-center","https://www.ucimc.org/20th",403,"virtual programming schedule"
"https://test-ufl.pantheonsite.io/local-history/blog/battle-seattle-and-founding-urbana-champaign-independent-media-center","https://journals.sagepub.com/doi/full/10.1177/1354856514541352",403,"https://journals.sagepub.com/doi/full/10.1177/1354856514541352"
"https://test-ufl.pantheonsite.io/local-history/blog/battle-seattle-and-founding-urbana-champaign-independent-media-center","https://www.ucimc.org/about",403,"https://www.ucimc.org/about"
"https://test-ufl.pantheonsite.io/local-history/blog/battle-seattle-and-founding-urbana-champaign-independent-media-center","https://www.britannica.com/event/Seattle-WTO-protests-of-1999",403,"https://www.britannica.com/event/Seattle-WTO-protests-of-1999"
"https://test-ufl.pantheonsite.io/local-history/blog/soldiers-monument-mt-hope-cemetery-sidney-il","https://test-ufl.pantheonsite.io/sites/default/files/blog/attachments/2020/12/Soldiers%20monument%20extracted%20newspaper%20articles.pdf",404,"Newspapers"
"https://test-ufl.pantheonsite.io/local-history/blog/soldiers-monument-mt-hope-cemetery-sidney-il","https://test-ufl.pantheonsite.io/sites/default/files/blog/attachments/2020/12/C.N.%20Clark%20Monument%20company%20records.pdf",404,"C.N. Clark Monument Co. records"
"https://test-ufl.pantheonsite.io/local-history/blog/soldiers-monument-mt-hope-cemetery-sidney-il","https://test-ufl.pantheonsite.io/sites/default/files/blog/attachments/2020/12/Article_1910_07-22_Sidney%20Times_p.1%20Names%20on%20Monument.pdf",404,"Sidney Times"
"https://test-ufl.pantheonsite.io/local-history/blog/soldiers-monument-mt-hope-cemetery-sidney-il","https://test-ufl.pantheonsite.io/sites/default/files/blog/attachments/2020/12/37%20names%20on%20monument.pdf",404,"thirty-seven names"
"https://test-ufl.pantheonsite.io/local-history/blog/lincolns-mad-couch","https://idnc.library.illinois.edu/?a=d&d=TUC19340806.2.57&srpos=6&e=-------en-20-TUC-1--img-txIN-lincoln+hotel--------",403,"https://idnc.library.illinois.edu/?a=d&d=TUC19340806.2.57&srpos=6&e=----..."
"https://test-ufl.pantheonsite.io/local-history/blog/lincolns-mad-couch","https://www.prweb.com/releases/2005/02/prweb212760.htm",404,"https://www.prweb.com/releases/2005/02/prweb212760.htm"
"https://test-ufl.pantheonsite.io/local-history/blog/recently-processed-orphan-train-collection","https://archivescatalog.urbanafreelibrary.org/polaris/search/searchresults.aspx?ctx=1.1033.0.0.1&type=Keyword&term=indenture&by=KW&sort=RELEVANCE&limit=TOM=*&query=&page=0&searchid=4",404,"indenture contracts"
"https://test-ufl.pantheonsite.io/local-history/blog/chanute-spotlight-commanding-officer-fay-r-upthegrove","https://www.boeing.com/history/products/b-17-flying-fortress.page",404,"B-17 Flying Fortress"
"https://test-ufl.pantheonsite.io/local-history/blog/rantouls-minuteman-missile-saved-last-minute","https://www.news-gazette.com/news/update-chanutes-missile-saved/article_7faac99a-a6bf-5c62-ad43-2bbb73732453.html",403,"saved"
"https://test-ufl.pantheonsite.io/local-history/blog/superstitions-early-illinois-settlers","https://archivescatalog.urbanafreelibrary.org/polaris/search/searchresults.aspx?ctx=1.1033.0.0.1&type=Keyword&term=Plants%20%26%20other%20home%20remedies,%20signs,%20%26%20superstitions%20of%20early%20Illinois%20settlers&by=KW&sort=RELEVANCE&limit=TOM=*&query=&page=0&searchid=1",404,"Plants & other home remedies, signs, & superstitions of early Illinois settlers"
"https://test-ufl.pantheonsite.io/local-history/blog?page=12","https://www.ilsos.gov/departments/library/public/veteransproject.html",403,"Illinois Veterans’ History Project"
"https://test-ufl.pantheonsite.io/local-history/blog?page=12","https://www.loc.gov/vets/",403,"Library of Congress Veterans History Project"
"https://test-ufl.pantheonsite.io/local-history/blog?page=12","https://www.familysearch.org/blog/en/archive-ellis-island-records/",FAILED,"announced"
"https://test-ufl.pantheonsite.io/local-history/blog?page=12","https://www.ilsos.gov/departments/library/",403,"Illinois State Library"
"https://test-ufl.pantheonsite.io/local-history/blog?page=29","https://test-ufl.pantheonsite.io/sites/default/files/blog/attachments/2013/03/March26%2C1913.pdf",404,"Article from the Champaign Daily News, March 26, 1913"
"https://test-ufl.pantheonsite.io/local-history/blog?page=29","http://www.chicagotribune.com/ct-xpm-2013-02-13-ct-x-0213-emancipation-20130213-story.html",404,"here"
"https://test-ufl.pantheonsite.io/local-history/blog?page=22","https://chroniclingamerica.loc.gov/",403,"Chronicling America"
"https://test-ufl.pantheonsite.io/local-history/blog?page=22","https://chroniclingamerica.loc.gov/lccn/sn84024055/1907-10-12/ed-1/seq-1/",403,""
"https://test-ufl.pantheonsite.io/local-history/blog?page=22","https://test-ufl.pantheonsite.io/sites/default/files/blog/attachments/2015/10/HALLOWEEN.pdf",404,"""Officials ponder putting hex on UI Halloween"""
"https://test-ufl.pantheonsite.io/local-history/blog?page=22","http://www.urbanahotel.net/About_Us.html",521,"Lincoln Hotel"
"https://test-ufl.pantheonsite.io/local-history/blog?page=22","https://worldliteracyfoundation.org/404-page-not-found/",403,"International Literacy Day"
"https://test-ufl.pantheonsite.io/local-history/blog?page=22","https://www.chicagohs.org/history/fire.html",500,"Great Chicago Fire"
"https://test-ufl.pantheonsite.io/local-history/blog?page=22","https://www.npr.org/sections/health-shots/2015/06/22/415048075/to-ease-pain-reach-for-your-playlist-instead-of-popping-a-pill",FAILED,"science"
"https://test-ufl.pantheonsite.io/local-history/blog?page=23","https://www.arcolachamber.com/arcola-broomcorn-festival/",404,"Broom Corn Festival"
"https://test-ufl.pantheonsite.io/local-history/blog?page=23","http://archivescatalog.urbanafreelibrary.org/polaris/view.aspx?ctx=6&brs=1679",404,"local cookbooks"
"https://test-ufl.pantheonsite.io/local-history/blog?page=23","http://ci.champaign.il.us/departments/fire/",409,"Champaign Fire Department"
"https://test-ufl.pantheonsite.io/local-history/blog?page=23","http://ci.champaign.il.us/cms/wp-content/uploads/2015/06/Fire-Muster-Poster-facebooktwitter.jpg",409,"parade and a Fire Muster"
"https://test-ufl.pantheonsite.io/local-history/blog?page=23","https://www.familysearch.org/sites/all/themes/frankie/documents/Step-2-What-is-in-a-family-history.pdf",FAILED,"family history"
"https://test-ufl.pantheonsite.io/local-history/blog?page=23","http://www.timeanddate.com/calendar/june-solstice.html",403,"summer solstice"
"https://test-ufl.pantheonsite.io/local-history/blog?page=23","http://urbanafreelibrary.org/summer-reading-programs-everyone",404,"Urbana Free Library’s Summer Reading Program"
"https://test-ufl.pantheonsite.io/local-history/blog?page=23","https://www.npr.org/sections/itsallpolitics/2015/06/22/416548613/the-complicated-political-history-of-the-confederate-flag",FAILED,"Flags"
"https://test-ufl.pantheonsite.io/local-history/blog?page=24","http://archivescatalog.urbanafreelibrary.org/polaris/search/searchresults.aspx?ctx=1.1033.0.0.2&type=Keyword&term=ella%20porter&by=KW&sort=RELEVANCE&limit=TOM=*&query=&page=0&searchid=1",404,"Ella Porter"
"https://test-ufl.pantheonsite.io/local-history/blog?page=24","http://www.loc.gov/pictures/item/98504819/",403,""
"https://test-ufl.pantheonsite.io/local-history/blog?page=24","https://www.ccfpd.org/forest-preserves/maps-directions",403,"hit the trails"
"https://test-ufl.pantheonsite.io/local-history/blog?page=24","http://www.champaigncountybikes.org/images/CUbikemap.pdf",404,"rubber to the road"
"https://test-ufl.pantheonsite.io/local-history/blog?page=25","https://test-ufl.pantheonsite.io/sites/default/files/blog/attachments/2015/03/0415_towngown_divest_lgl.pdf",404,"Divest Now!: Student and Community Divestment Protests in the 1980s"
"https://test-ufl.pantheonsite.io/local-history/blog?page=25","http://archives.library.illinois.edu/slc/news-events/town-gown/",404,"Town and Gown"
"https://test-ufl.pantheonsite.io/local-history/blog?page=25","http://urbanafreelibrary.org/local-history-genealogy/resources#spe",404,"Local Organizations Newsletter collection"
"https://test-ufl.pantheonsite.io/local-history/blog?page=25","http://www.museum.state.il.us/ismdepts/art/sadorus/Sadorus_Family.html",500,"Henry Sadorus"
"https://test-ufl.pantheonsite.io/local-history/blog?page=25","https://explorecu.org/items/show/107?tour=3&index=21",404,"West End Park"
"https://test-ufl.pantheonsite.io/local-history/blog?page=26","http://urbanafreelibrary.org/month-urbana-free-library-8#arch",404,"Archives Month"
"https://test-ufl.pantheonsite.io/local-history/blog?page=26","http://host6.evanced.info/urbana/evanced/notify.asp",FAILED,"email notifications"
"https://test-ufl.pantheonsite.io/local-history/blog?page=26","http://host6.evanced.info/urbana/evanced/eventsignup.asp?ID=12801&rts=&disptype=info&ret=eventcalendar.asp&pointer=&returnToSearch=&num=0&ad=&dt=mo&mo=10/1/2014&df=calendar&EventType=ALL&Lib=&AgeGroup=ALL&LangType=0&WindowMode=&noheader=&lad=&pub=1&nopub=&page=&pgdisp=",FAILED,"October 15, 2014"
"https://test-ufl.pantheonsite.io/local-history/blog?page=26","https://www.archives.gov/dc-metro/know-your-records/genealogy-fair",404,"Virtual Genealogy Fair"
"https://test-ufl.pantheonsite.io/local-history/blog?page=26","http://publish.illinois.edu/townandgown/",410,"Town & Gown Speaker Series"
"https://test-ufl.pantheonsite.io/local-history/blog?page=26","https://www.news-gazette.com/news/local/2014-07-27/tom-kacich-century-old-journals-shed-new-light-c-u-pioneer.html",403,"article"
"https://test-ufl.pantheonsite.io/local-history/blog?page=26","http://urbanaillinois.us/residents/historic-urbana/100-most-significant-buildings/urbanas-architects/joseph-william-royer",FAILED,"Joseph William Royer"
"https://test-ufl.pantheonsite.io/local-history/blog?page=27","https://test-ufl.pantheonsite.io/sites/default/files/blog/attachments/2014/04/TeddyHeadline_CDNpg1_08APR1912.pdf",404,""
"https://test-ufl.pantheonsite.io/local-history/blog?page=28","https://www.news-gazette.com/news/local/2013-11-27/burgess-wont-get-see-dads-name-post-office.html",403,"mission"
"https://test-ufl.pantheonsite.io/local-history/blog?page=28","http://www.genealogyguys.com/",FAILED,"http://www.genealogyguys.com/"
"https://test-ufl.pantheonsite.io/local-history/collections/books-more/books-journals","http://hdl.handle.net/10111/UIUCOCA:Serial/champaigncountyd",403,"City Directories"
"https://test-ufl.pantheonsite.io/local-history/collections/books-more/newspapers","https://idnc.library.illinois.edu/?a=cl&cl=CL1&sp=GAR&e=-------en-20--1--txt-txIN----------",403,"The Gargoyle"
"https://test-ufl.pantheonsite.io/local-history/collections/books-more/newspapers","https://idnc.library.illinois.edu/?a=cl&cl=CL1&sp=TIT&e=-------en-20--1--txt-txIN----------",403,"The Illinois Times"
"https://test-ufl.pantheonsite.io/local-history/collections/books-more/newspapers","https://idnc.library.illinois.edu/cgi-bin/illinois?a=cl&cl=CL1&sp=CCN&e=-------en-20--1--txt-txIN--------",403,"The Champaign County News"
"https://test-ufl.pantheonsite.io/local-history/collections/books-more/newspapers","https://idnc.library.illinois.edu/?a=cl&cl=CL1&sp=PRS&e=-------en-20--1--txt-txIN----------",403,"The Prospectus"
"https://test-ufl.pantheonsite.io/local-history/collections/books-more/newspapers","https://idnc.library.illinois.edu/cgi-bin/illinois?a=cl&cl=CL1&sp=CDN&e=-------en-20--1--txt-txIN--------",403,"The Champaign Daily News"
"https://test-ufl.pantheonsite.io/local-history/collections/books-more/newspapers","https://idnc.library.illinois.edu/cgi-bin/illinois?a=cl&cl=CL1&sp=DIL&e=-------en-20--1--txt-txIN--------",403,"Daily Illini"
"https://test-ufl.pantheonsite.io/local-history/collections/books-more/newspapers","https://idnc.library.illinois.edu/?a=cl&cl=CL1&sp=BAF&e=-------en-20--1--txt-txIN----------",403,"Banker Farmer"
"https://test-ufl.pantheonsite.io/local-history/collections/books-more/newspapers","https://idnc.library.illinois.edu/?a=cl&cl=CL1&sp=SAD&e=-------en-20--1--txt-txIN----------",403,"Sidney Times"
"https://test-ufl.pantheonsite.io/local-history/collections/books-more/newspapers","https://idnc.library.illinois.edu/?a=cl&cl=CL1&sp=STU&e=-------en-20--1--txt-txIN----------",403,"The Student"
"https://test-ufl.pantheonsite.io/local-history/collections/books-more/newspapers","https://idnc.library.illinois.edu/?a=cl&cl=CL1&sp=TWR&e=-------en-20--1--txt-txIN----------",403,"Twin City Review"
"https://test-ufl.pantheonsite.io/local-history/collections/books-more/newspapers","https://idnc.library.illinois.edu/cgi-bin/illinois?a=cl&cl=CL1&sp=TUC&e=-------en-20--1--txt-txIN--------",403,"Urbana Daily Courier"
"https://test-ufl.pantheonsite.io/local-history/collections/books-more/newspapers","https://idnc.library.illinois.edu/?a=cl&cl=CL1&sp=THB&e=-------en-20--1--txt-txIN----------",403,"The Hillel Bulletin"
"https://test-ufl.pantheonsite.io/local-history/collections/county-records/birth-records","https://www.ilga.gov/legislation/ilcs/ilcs3.asp?ActID=1573&ChapAct=410%20ILCS%20535/&ChapterID=35&ChapterName=PUBLIC%20HEALTH&ActName=Vital%20Records%20Act",FAILED,"410 ILCS 535-Vital Records Act"
"https://test-ufl.pantheonsite.io/local-history/collections/local-history","https://archivescatalog.urbanafreelibrary.org/polaris/custom/Repository/347_BarbaraWhalenCollection.pdf",404,"Barbara J. Lewellin Whalen Collection"
"https://test-ufl.pantheonsite.io/local-history/collections/local-history","https://archivescatalog.urbanafreelibrary.org/polaris/custom/Repository/350_BrianFO'NeillCollection.pdf",404,"Brian F. O’Neill Collection"
"https://test-ufl.pantheonsite.io/local-history/collections/local-history","https://archivescatalog.urbanafreelibrary.org/polaris/custom/Repository/131_Budgets.pdf",404,"Champaign County Budgets"
"https://test-ufl.pantheonsite.io/local-history/collections/local-history","https://archivescatalog.urbanafreelibrary.org/polaris/custom/Repository/141_MillerFamily.pdfhttps://archivescatalog.urbanafreelibrary.org/polaris/custom/Repository/141_MillerFamily.pdf",404,"Miller Family Papers"
"https://test-ufl.pantheonsite.io/local-history/collections/local-history","https://test-ufl.pantheonsite.io/sites/default/files/page/attachments/2020/07/COLL_330_UrbanaArborDiv_0.pdf",404,"Urbana City Arborist Records"
"https://test-ufl.pantheonsite.io/library-news/blog/urbana-free-library-celebrates-150-years-serving-community-birthday-party-reading","https://urbanafreelibrary.org/events/150-years",403,"150th Anniversary Reading Challenge"
"https://test-ufl.pantheonsite.io/library-news/blog/urbana-free-library-seeks-new-board-members","https://www.urbanaillinois.us/sites/default/files/attachments/Fillable_Board_Application_0.pdf",FAILED,"an application"
"https://test-ufl.pantheonsite.io/library-news/blog/archives-assistant-hourly","https://urbanaillinois.us/jobs",FAILED,"City of Urbana's Employment Opportunities webpage"
"https://test-ufl.pantheonsite.io/library-news/blog/every-paver-has-story","https://app.etapestry.com/onlineforms/UrbanaFreeLibraryFoundation/donation-1.html",404,"Order your engraved paver online!"
"https://test-ufl.pantheonsite.io/local-history/blog/mansion-medicine","https://archivescatalog.urbanafreelibrary.org/polaris/search/searchresults.aspx?ctx=1.1033.0.0.1&type=Keyword&term=Harris%20Mansion%20:%20Cole%20Hospital,%20809%20W.%20Church,%20Champaign,%20IL%2061801%20/%20Brent%20E.%20Mathers.&by=KW&sort=RELEVANCE&limit=TOM=*&query=&page=0&searchid=6",404,"architectural study"
"https://test-ufl.pantheonsite.io/local-history/blog/mailbox-how-did-race-street-get-its-name-otherwise-known-day-archivists-life","https://test-ufl.pantheonsite.io/sites/default/files/blog/attachments/2020/06/Plat%20of%20Lancaster%2C%20Vermilion%2C%20Illinois%201832.pdf",404,"plat of Lancaster"
"https://test-ufl.pantheonsite.io/local-history/blog/digital-sanborn-maps","https://www.loc.gov/rr/geogmap/sanborn/san4a1.html",403,"http://www.loc.gov/rr/geogmap/sanborn/san4a1.html"
"https://test-ufl.pantheonsite.io/local-history/blog/greetings-chanute-maharishi-yogis-attempt-buy-chanute-air-force-base","https://www.beatlesbible.com/people/maharishi-mahesh-yogi/",403,"https://www.beatlesbible.com/people/maharishi-mahesh-yogi/"
"https://test-ufl.pantheonsite.io/local-history/blog/illinois-blue-books","https://www.cyberdriveillinois.com/publications/stgovpub.html",403,"newest"
"https://test-ufl.pantheonsite.io/local-history/blog/prairie-state-games-display-athletic-talent","https://www.stategamesofamerica.com/",405,"State Games of America"
"https://test-ufl.pantheonsite.io/local-history/blog/prairie-state-games-display-athletic-talent","https://calisphere.org/item/ac13724aae05f9e6ffcc0d7cb67a8b26/",404,"Bob Bass"
"https://test-ufl.pantheonsite.io/local-history/blog/prairie-state-games-display-athletic-talent","https://www.news-gazette.com/sports/illini-sports/illini-legends-lists-and-lore-april/article_86cd1cbf-54cb-5c33-a24f-3869bb83ee3c.html",403,"Kendra Gantt"
"https://test-ufl.pantheonsite.io/local-history/blog/mailbox-underground-railroad-champaign-county","https://www.heritage.org/constitution",403,"Article 4, Section 2, Clause 3 of the United States Constitution"
"https://test-ufl.pantheonsite.io/local-history/blog/mailbox-underground-railroad-champaign-county","https://www.nps.gov/nr/travel/underground/states.htm",404,"list of Underground Railroad sites in the United States"
"https://test-ufl.pantheonsite.io/local-history/blog?page=13","https://www.smilepolitely.com/culture/the_urbana_free_library_celebrates_100_years_in_their_permanent_home/",403,"celebrated its 100th year"
"https://test-ufl.pantheonsite.io/local-history/blog/how-can-you-find-farms-name","https://archivescatalog.urbanafreelibrary.org/polaris/search/searchresults.aspx?ctx=1.1033.0.0.1&type=Keyword&term=Register%20of%20Names%20of%20Lands%20(Farms),%20Champaign%20County,%20(ILL)%20County%20Recorder&by=KW&sort=RELEVANCE&limit=TOM=*&query=&page=0&searchid=1",404,"Register of Names of Lands (Farms), Champaign County, (ILL) County Recorder"
"https://test-ufl.pantheonsite.io/local-history/blog/interesting-urbana-city-codes-1898","https://archivescatalog.urbanafreelibrary.org/polaris/search/searchresults.aspx?ctx=1.1033.0.0.1&type=Keyword&term=Revised%20Ordinances%20of%20the%20City%20of%20Urbana,%20Illinois,%201898.%20%20&by=KW&sort=RELEVANCE&limit=TOM=*&query=&page=0&searchid=4",404,"Revised Ordinances of the City of Urbana, Illinois, 1898"
"https://test-ufl.pantheonsite.io/local-history/blog/collection-counties-great-britain-tudor-atlas","https://www.rct.uk/collection/1140798/the-theatre-of-the-empire-of-great-britain-presenting-an-exact-geography-of-the",403,"The Theater & Empire of Great Britain"
"https://test-ufl.pantheonsite.io/local-history/blog/cohen-family-sol-cohen","https://archivescatalog.urbanafreelibrary.org/polaris/search/searchresults.aspx?ctx=1.1033.0.0.1&type=Keyword&term=Years%20of%20Pilgrimage:%20Memoirs%20of%20an%20American%20Musician&by=KW&sort=RELEVANCE&limit=TOM=*&query=&page=0&searchid=7",404,"Years of Pilgrimage: Memoirs of an American Musician"
"https://test-ufl.pantheonsite.io/local-history/blog/cohen-family-julius-cohen","https://www.nytimes.com/1996/02/17/nyregion/david-rae-smith-65-city-opera-baritone.html",403,"David Rae Smith"
"https://test-ufl.pantheonsite.io/local-history/blog/cohen-family-julius-cohen","http://www.ilga.gov/legislation/legisnet90/hrgroups/hr/900HR0230LV.html",FAILED,"Doris Jung"
"https://test-ufl.pantheonsite.io/local-history/blog/cohen-family-julius-cohen","http://bit.ly/2lyjFf5",404,"Far-Off Whistles"
"https://test-ufl.pantheonsite.io/local-history/blog/importance-trees","https://urbana.mytreekeeper.com/",FAILED,"here"
"https://test-ufl.pantheonsite.io/local-history/blog/importance-trees","https://archivescatalog.urbanafreelibrary.org/polaris/search/searchresults.aspx?ctx=1.1033.0.0.1&type=Keyword&term=City%20of%20Urbana%20state%20street%20tree%20trail&by=KW&sort=RELEVANCE&limit=TOM=*&query=&page=0&searchid=10",404,""
"https://test-ufl.pantheonsite.io/local-history/blog/importance-trees","https://archivescatalog.urbanafreelibrary.org/polaris/search/searchresults.aspx?ctx=1.1033.0.0.1&type=Keyword&term=Tree%20notes&by=KW&sort=RELEVANCE&limit=TOM=*&query=&page=0&searchid=13",404,""
"https://test-ufl.pantheonsite.io/local-history/blog/importance-trees","https://archivescatalog.urbanafreelibrary.org/polaris/search/searchresults.aspx?ctx=1.1033.0.0.1&type=Keyword&term=Carle%20Park%20Tree%20Trail&by=KW&sort=RELEVANCE&limit=TOM=*&query=&page=0&searchid=12",404,""
"https://test-ufl.pantheonsite.io/local-history/blog/importance-trees","https://archivescatalog.urbanafreelibrary.org/polaris/search/searchresults.aspx?ctx=1.1033.0.0.1&type=Keyword&term=Key%20to%20the%20Trees%20of%20Urbana-Champaign&by=KW&sort=RELEVANCE&limit=TOM=*&query=&page=0&searchid=11",404,""
"https://test-ufl.pantheonsite.io/local-history/blog/importance-trees","https://www.urbanaillinois.us/visitors/tree-city-usa",FAILED,"Urbana"
"https://test-ufl.pantheonsite.io/local-history/blog?page=14","https://poets.org/national-poetry-month/30-ways-celebrate-national-poetry-month",403,"National Poetry Month"
"https://test-ufl.pantheonsite.io/local-history/blog?page=14","https://archivescatalog.urbanafreelibrary.org/polaris/search/searchresults.aspx?ctx=1.1033.0.0.1&type=Keyword&term=%22FRANK%20JAQUES,%20URBANA%27S%20FIRST%20SANTA%22&by=KW&sort=RELEVANCE&limit=TOM=*&query=&page=0&searchid=4",404,"Quarterly"
"https://test-ufl.pantheonsite.io/local-history/blog/technical-training-chanute-air-force-base","https://urbanafreelibrary.org/blogs/2019/04/30/chanute-spotlight-curtiss-jn-4d-%E2%80%9Cjenny%E2%80%9D",404,"dozen Curtis “Jennies”"
"https://test-ufl.pantheonsite.io/local-history/blog/technical-training-chanute-air-force-base","https://urbanafreelibrary.org/blogs/2017/04/14/photographs-chanute%E2%80%99s-annual-open-house",404,"Open Houses"
"https://test-ufl.pantheonsite.io/local-history/blog/chanute-spotlight-curtiss-jn-4d-jenny","https://airandspace.si.edu/collection-objects/curtiss-jn-4d-jenny",404,"1"
"https://test-ufl.pantheonsite.io/local-history/blog/tornado-sirens-c-u","https://www.nytimes.com/2016/05/24/us/tornado-sirens-an-old-technology-still-play-a-vital-role.html",403,"Tornado Sirens, an Old Technology, Still Play a Vital Role"
"https://test-ufl.pantheonsite.io/local-history/blog/tornado-sirens-c-u","https://journals.ametsoc.org/view/journals/bams/92/5/2010bams3062_1.xml",405,"The history (and future) of tornado warning dissemination in the United States"
"https://test-ufl.pantheonsite.io/local-history/blog/urbana-connection-disgraced-quiz-master-charles-van-doren","https://www.nytimes.com/1972/12/12/archives/new-jersey-pages-mark-van-doren-78-poet-teacher-dies-mark-van-doren.html?module=inline",403,"Mark Van Doren"
"https://test-ufl.pantheonsite.io/local-history/blog/urbana-connection-disgraced-quiz-master-charles-van-doren","https://archivescatalog.urbanafreelibrary.org/polaris/search/searchresults.aspx?ctx=1.1033.0.0.1&type=Keyword&term=The%20Autobiography%20of%20Mark%20Van%20Doren&by=KW&sort=RELEVANCE&limit=TOM=*&query=&page=0&searchid=2",404,""
"https://test-ufl.pantheonsite.io/local-history/blog/lukers-pan-o-cake","http://ruthreichl.com/2015/06/a-pan-from-the-past.html/",403,"Tom Luker,"
"https://test-ufl.pantheonsite.io/local-history/blog/lukers-pan-o-cake","https://bit.ly/2HbEllV",404,"articles"
"https://test-ufl.pantheonsite.io/local-history/blog/tales-general-store","https://www.talespress.com/issues/Issue_25_Sewing_Machine_Collector.pdf",404,"profile"
"https://test-ufl.pantheonsite.io/local-history/blog/professional-wrestling-champaign-urbana-part-2","https://www.forbes.com/sites/alfredkonuwa/2019/01/13/all-elite-wrestling-2019-comparing-billionaire-backed-aew-to-billionaire-backed-wcw/#11ff4a9a6eed",403,"Shad Khan"
"https://test-ufl.pantheonsite.io/local-history/blog/professional-wrestling-champaign-urbana-part-2","https://www.forbes.com/sites/alfredkonuwa/2019/01/13/all-elite-wrestling-2019-comparing-billionaire-backed-aew-to-billionaire-backed-wcw/#4beaf8ec6eed",403,"https://www.forbes.com/sites/alfredkonuwa/2019/01/13/all-elite-wrestling..."
"https://test-ufl.pantheonsite.io/local-history/blog/professional-wrestling-champaign-urbana-part-1","https://test-ufl.pantheonsite.io/blogs/2022/05/01/professional-wrestling-champaign-urbana-part-2",404,"Part 2"