Page,Title,URL,Report Link,Total Violations,Total Passes,Critical,Serious,Moderate,Minor,Severity Score
1,Homepage | Urbana Free Library,https://test-ufl.pantheonsite.io,./reports/1.html,5,50,0,10,1,0,32
10,eBooks | Urbana Free Library,https://test-ufl.pantheonsite.io/ebooks-more/ebooks,./reports/10.html,2,45,0,4,1,0,14
100,Making a Donation | Urbana Free Library,https://test-ufl.pantheonsite.io/local-history/about/making-donation,./reports/100.html,3,46,0,5,1,0,17
101,How to Order Copies | Urbana Free Library,https://test-ufl.pantheonsite.io/local-history/about/how-to-order,./reports/101.html,4,49,0,6,1,0,20
102,Interlibrary Loan | Urbana Free Library,https://test-ufl.pantheonsite.io/local-history/about/interlibrary-loan,./reports/102.html,3,46,0,5,1,0,17
103,Harmful Language in Archives | Urbana Free Library,https://test-ufl.pantheonsite.io/local-history/using-the-archives/harmful-language,./reports/103.html,3,46,0,5,1,0,17
104,Foundation | Urbana Free Library,https://test-ufl.pantheonsite.io/about/foundation,./reports/104.html,2,45,0,4,1,0,14
105,Friends of the Library | Urbana Free Library,https://test-ufl.pantheonsite.io/about/friends,./reports/105.html,3,46,0,5,1,0,17
106,African American Baseball Teams in Champaign County | Urbana Free Library,https://test-ufl.pantheonsite.io/local-history/blog/african-american-baseball-teams-champaign-county,./reports/106.html,3,46,0,5,1,0,17
107,Round Barn Redux | Urbana Free Library,https://test-ufl.pantheonsite.io/local-history/blog/round-barn-redux,./reports/107.html,3,46,0,5,1,0,17
108,Family History B&B: the Blaisdells and the Buseys | Urbana Free Library,https://test-ufl.pantheonsite.io/local-history/blog/family-history-bb-blaisdells-and-buseys,./reports/108.html,3,46,0,5,1,0,17
109,The Voices of Selma: Community Protests and Collective Change | Urbana Free Library,https://test-ufl.pantheonsite.io/local-history/blog/voices-selma-community-protests-and-collective-change,./reports/109.html,4,45,1,5,1,0,21
11,Audiobooks | Urbana Free Library,https://test-ufl.pantheonsite.io/ebooks-more/audiobooks,./reports/11.html,2,45,0,4,1,0,14
110,Exploring a 1919 Yearbook | Urbana Free Library,https://test-ufl.pantheonsite.io/local-history/blog/exploring-1919-yearbook,./reports/110.html,4,45,10,5,1,0,57
111,El Informador de Champaign-Urbana: C-U's First Spanish-Language Newspaper | Urbana Free Library,https://test-ufl.pantheonsite.io/local-history/blog/el-informador-de-champaign-urbana-c-us-first-spanish-language-newspaper,./reports/111.html,3,45,0,5,1,0,17
112,The Illustrations of James F. Zumwalt | Urbana Free Library,https://test-ufl.pantheonsite.io/local-history/blog/illustrations-james-f-zumwalt,./reports/112.html,3,46,0,5,1,0,17
113,Organizing the Past: My Processing Practicum at the Champaign County Historical Archives | Urbana Free Library,https://test-ufl.pantheonsite.io/local-history/blog/organizing-past-my-processing-practicum-champaign-county-historical-archives,./reports/113.html,4,45,3,5,1,0,29
114,The People Who Made 150 Years Possible: Francis Granger “Frank” Jaques | Urbana Free Library,https://test-ufl.pantheonsite.io/local-history/blog/people-who-made-150-years-possible-francis-granger-frank-jaques,./reports/114.html,3,45,0,5,1,0,17
115,The Federal Writers’ Project: American Guide Series | Urbana Free Library,https://test-ufl.pantheonsite.io/local-history/blog/federal-writers-project-american-guide-series,./reports/115.html,4,45,1,5,1,0,21
116,Farm Aid: 40 Years Later | Urbana Free Library,https://test-ufl.pantheonsite.io/local-history/blog/farm-aid-40-years-later,./reports/116.html,3,46,0,5,1,0,17
117,Bizarre Stories: UFO Sightings from the Past | Urbana Free Library,https://test-ufl.pantheonsite.io/local-history/blog/bizarre-stories-ufo-sightings-past,./reports/117.html,4,46,9,14,1,0,80
118,Preserving the Courier Negatives Collection | Urbana Free Library,https://test-ufl.pantheonsite.io/local-history/blog/preserving-courier-negatives-collection,./reports/118.html,3,45,0,5,1,0,17
119,"Urbana Lincoln to Jumer’s to Royer: A Quick, Pictorial History | Urbana Free Library",https://test-ufl.pantheonsite.io/local-history/blog/urbana-lincoln-jumers-royer-quick-pictorial-history,./reports/119.html,4,45,1,6,1,0,24
12,Movies & TV Shows | Urbana Free Library,https://test-ufl.pantheonsite.io/ebooks-more/movies-tv,./reports/12.html,2,44,0,4,1,0,14
120,Research Epiphanies: Discoveries Curating an Archives Exhibit | Urbana Free Library,https://test-ufl.pantheonsite.io/local-history/blog/research-epiphanies-discoveries-curating-archives-exhibit,./reports/120.html,4,45,1,5,1,0,21
121,Transcribing the Journals of J.O. Cunningham | Urbana Free Library,https://test-ufl.pantheonsite.io/local-history/blog/transcribing-journals-jo-cunningham,./reports/121.html,3,46,0,5,1,0,17
122,The People Who Made 150 Years Possible: Ida B. Hanes | Urbana Free Library,https://test-ufl.pantheonsite.io/local-history/blog/people-who-made-150-years-possible-ida-b-hanes,./reports/122.html,3,45,0,5,1,0,17
123,Chanute Field Wings Available Online | Urbana Free Library,https://test-ufl.pantheonsite.io/local-history/blog/chanute-field-wings-available-online,./reports/123.html,3,46,0,5,1,0,17
124,Local History & Genealogy Blog | Urbana Free Library,https://test-ufl.pantheonsite.io/local-history/blog?page=0,./reports/124.html,5,46,0,6,2,0,22
125,Local History & Genealogy Blog | Urbana Free Library,https://test-ufl.pantheonsite.io/local-history/blog?page=1,./reports/125.html,5,46,0,6,2,0,22
126,Local History & Genealogy Blog | Urbana Free Library,https://test-ufl.pantheonsite.io/local-history/blog?page=2,./reports/126.html,5,48,0,6,2,0,22
127,Local History & Genealogy Blog | Urbana Free Library,https://test-ufl.pantheonsite.io/local-history/blog?page=3,./reports/127.html,5,46,0,6,2,0,22
128,Local History & Genealogy Blog | Urbana Free Library,https://test-ufl.pantheonsite.io/local-history/blog?page=4,./reports/128.html,5,47,0,8,2,0,28
129,Local History & Genealogy Blog | Urbana Free Library,https://test-ufl.pantheonsite.io/local-history/blog?page=5,./reports/129.html,5,47,0,12,2,0,40
13,Magazines | Urbana Free Library,https://test-ufl.pantheonsite.io/ebooks-more/magazines,./reports/13.html,2,45,0,4,1,0,14
130,Local History & Genealogy Blog | Urbana Free Library,https://test-ufl.pantheonsite.io/local-history/blog?page=6,./reports/130.html,5,47,0,18,2,0,58
131,Local History & Genealogy Blog | Urbana Free Library,https://test-ufl.pantheonsite.io/local-history/blog?page=7,./reports/131.html,5,47,0,20,2,0,64
132,Local History & Genealogy Blog | Urbana Free Library,https://test-ufl.pantheonsite.io/local-history/blog?page=8,./reports/132.html,5,47,0,21,2,0,67
133,Local History & Genealogy Blog | Urbana Free Library,https://test-ufl.pantheonsite.io/local-history/blog?page=30,./reports/133.html,5,47,0,6,2,0,22
134,Books & More | Urbana Free Library,https://test-ufl.pantheonsite.io/local-history/collections/books-more,./reports/134.html,3,46,0,5,1,0,17
135,Champaign County Web Archives | Urbana Free Library,https://test-ufl.pantheonsite.io/local-history/collections/web-archives,./reports/135.html,3,46,0,5,1,0,17
136,Chanute Collection | Urbana Free Library,https://test-ufl.pantheonsite.io/local-history/collections/chanute-collection,./reports/136.html,3,46,0,5,1,0,17
137,County Records | Urbana Free Library,https://test-ufl.pantheonsite.io/local-history/collections/county-records,./reports/137.html,3,45,0,5,1,0,17
138,Local History & Genealogy Digital Exhibits | Urbana Free Library,https://test-ufl.pantheonsite.io/local-history/collections/digital-exhibits,./reports/138.html,3,46,0,5,1,0,17
139,Maps | Urbana Free Library,https://test-ufl.pantheonsite.io/local-history/collections/maps,./reports/139.html,3,46,0,5,1,0,17
14,Research & Learn | Urbana Free Library,https://test-ufl.pantheonsite.io/ebooks-more/research-learn,./reports/14.html,2,44,0,4,1,0,14
140,News-Gazette Archives Collection | Urbana Free Library,https://test-ufl.pantheonsite.io/local-history/collections/news-gazette-archives,./reports/140.html,3,46,0,5,1,0,17
141,Oral Histories | Urbana Free Library,https://test-ufl.pantheonsite.io/local-history/collections/oral-histories,./reports/141.html,3,46,0,5,1,0,17
142,Photographs | Urbana Free Library,https://test-ufl.pantheonsite.io/local-history/collections/photographs,./reports/142.html,3,46,0,5,1,0,17
143,Special Collections | Urbana Free Library,https://test-ufl.pantheonsite.io/local-history/collections/special-collections,./reports/143.html,3,45,0,5,1,0,17
144,Summer Reading | Urbana Free Library,https://test-ufl.pantheonsite.io/reading-programs/summer-reading26,./reports/144.html,4,46,1,5,1,0,21
145,#1000BooksB4K - Growing Readers One Book at a Time | Urbana Free Library,https://test-ufl.pantheonsite.io/using-library/reading-programs/1000-books,./reports/145.html,3,46,0,5,1,0,17
146,Policies | Urbana Free Library,https://test-ufl.pantheonsite.io/about-us/policies,./reports/146.html,3,45,0,5,1,0,17
147,Contact the Webmaster | Urbana Free Library,https://test-ufl.pantheonsite.io/node/1193,./reports/147.html,3,49,0,6,1,0,20
148,Opportunities for Students | Urbana Free Library,https://test-ufl.pantheonsite.io/about-us/employment/opportunities-students,./reports/148.html,3,45,0,5,1,0,17
149,Friends' Projects | Urbana Free Library,https://test-ufl.pantheonsite.io/node/119,./reports/149.html,3,46,0,6,1,0,20
15,Using the Archives | Urbana Free Library,https://test-ufl.pantheonsite.io/local-history,./reports/15.html,3,45,0,5,1,0,17
150,Ways to Give | Urbana Free Library,https://test-ufl.pantheonsite.io/about-us/foundation/ways-to-give,./reports/150.html,3,46,0,5,1,0,17
151,Foundation Board | Urbana Free Library,https://test-ufl.pantheonsite.io/about-us/foundation/foundation-board,./reports/151.html,3,46,0,5,1,0,17
152,Cherry Alley Arch and Pavers | Urbana Free Library,https://test-ufl.pantheonsite.io/about-us/foundation/cherry-alley-paver,./reports/152.html,3,46,0,5,1,0,17
153,Margaret Frampton Urbana Library Fund | Urbana Free Library,https://test-ufl.pantheonsite.io/about-us/foundation/margaret-frampton-fund,./reports/153.html,3,46,0,5,1,0,17
154,History of the 2005 Expansion | Urbana Free Library,https://test-ufl.pantheonsite.io/about-us/foundation/history-2005-expansion,./reports/154.html,3,45,0,5,1,0,17
155,Board Meeting Minutes & Agendas | Urbana Free Library,https://test-ufl.pantheonsite.io/about/board/files,./reports/155.html,4,48,1,5,1,0,21
156,Committee Meetings | Urbana Free Library,https://test-ufl.pantheonsite.io/about/board/committee-meeting-files,./reports/156.html,5,47,1,5,2,0,23
157,Financial Reports | Urbana Free Library,https://test-ufl.pantheonsite.io/about-us/your-right-to-know/financial-reports,./reports/157.html,3,45,0,5,1,0,17
158,Planning Documents | Urbana Free Library,https://test-ufl.pantheonsite.io/node/224,./reports/158.html,3,45,0,6,1,0,20
159,Statistics | Urbana Free Library,https://test-ufl.pantheonsite.io/about-us/your-right-to-know/statistics,./reports/159.html,3,45,0,5,1,0,17
16,Using the Archives | Urbana Free Library,https://test-ufl.pantheonsite.io/local-history/using-the-archives,./reports/16.html,3,45,0,5,1,0,17
160,Read + Ride with MTD During National Library Week 2026 | Urbana Free Library,https://test-ufl.pantheonsite.io/library-news/blog/read-ride-mtd-during-national-library-week-2026,./reports/160.html,3,46,0,5,1,0,17
161,Underground Railroad Exhibit Coming Soon to The Urbana Free Library | Urbana Free Library,https://test-ufl.pantheonsite.io/library-news/blog/underground-railroad-exhibit-coming-soon-urbana-free-library,./reports/161.html,3,46,0,5,1,0,17
162,"The Urbana Free Library Announces Temporary Closure, Updated Operating Hours, and Open House | Urbana Free Library",https://test-ufl.pantheonsite.io/library-news/blog/urbana-free-library-announces-temporary-closure-updated-operating-hours-and-open,./reports/162.html,3,46,0,5,1,0,17
163,Exciting News: Gift Match Challenge Returns! | Urbana Free Library,https://test-ufl.pantheonsite.io/library-news/blog/exciting-news-gift-match-challenge-returns,./reports/163.html,3,46,0,5,1,0,17
164,Public Hoopla Service Update | Urbana Free Library,https://test-ufl.pantheonsite.io/library-news/blog/public-hoopla-service-update,./reports/164.html,3,46,0,5,1,0,17
165,Kanopy Service Update | Urbana Free Library,https://test-ufl.pantheonsite.io/library-news/blog/kanopy-service-update,./reports/165.html,3,46,0,5,1,0,17
166,"One Card, Endless Possibilities: Celebrate Library Card Sign-Up Month this September | Urbana Free Library",https://test-ufl.pantheonsite.io/library-news/blog/one-card-endless-possibilities-celebrate-library-card-sign-month-september,./reports/166.html,3,45,0,5,1,0,17
167,Explore More Illinois + The Urbana Free Library | Urbana Free Library,https://test-ufl.pantheonsite.io/library-news/blog/explore-more-illinois-urbana-free-library,./reports/167.html,3,46,0,5,1,0,17
168,The Urbana Free Library Announces Partial First Floor Renovation | Urbana Free Library,https://test-ufl.pantheonsite.io/library-news/blog/urbana-free-library-announces-partial-first-floor-renovation,./reports/168.html,3,46,0,5,1,0,17
169,Board of Trustees Announces Appointment of New Library Executive Director | Urbana Free Library,https://test-ufl.pantheonsite.io/library-news/blog/board-trustees-announces-appointment-new-library-executive-director,./reports/169.html,3,45,0,5,1,0,17
17,Local History & Genealogy Blog | Urbana Free Library,https://test-ufl.pantheonsite.io/local-history/blog,./reports/17.html,5,46,0,6,2,0,22
170,Giant Desk Concert | Urbana Free Library,https://test-ufl.pantheonsite.io/library-news/blog/giant-desk-concert,./reports/170.html,3,46,0,5,1,0,17
171,The Urbana Free Library Foundation 2024 Annual Impact Report | Urbana Free Library,https://test-ufl.pantheonsite.io/library-news/blog/urbana-free-library-foundation-2024-annual-impact-report,./reports/171.html,3,45,0,5,1,0,17
172,National Library Week 2025 Celebration | Urbana Free Library,https://test-ufl.pantheonsite.io/library-news/blog/national-library-week-2025-celebration,./reports/172.html,3,46,0,5,1,0,17
173,Exciting News: Gift Match Challenge and Video! | Urbana Free Library,https://test-ufl.pantheonsite.io/library-news/blog/exciting-news-gift-match-challenge-and-video,./reports/173.html,3,46,0,5,1,0,17
174,Lost in Time: 150th Anniversary Escape Room | Urbana Free Library,https://test-ufl.pantheonsite.io/library-news/blog/lost-time-150th-anniversary-escape-room,./reports/174.html,3,46,0,5,1,0,17
175,Artists Have Been Selected for The Urbana Free Library’s Artist-in-Residence Program | Urbana Free Library,https://test-ufl.pantheonsite.io/library-news/blog/artists-have-been-selected-urbana-free-librarys-artist-residence-program,./reports/175.html,3,46,0,5,1,0,17
176,England Gardens to Debut at The Urbana Free Library in September | Urbana Free Library,https://test-ufl.pantheonsite.io/library-news/blog/england-gardens-debut-urbana-free-library-september,./reports/176.html,3,46,0,5,1,0,17
177,Share Your Library Story! | Urbana Free Library,https://test-ufl.pantheonsite.io/library-news/blog/share-your-library-story,./reports/177.html,3,45,0,5,1,0,17
178,Library News | Urbana Free Library,https://test-ufl.pantheonsite.io/about/news?page=0,./reports/178.html,4,47,0,5,2,0,19
179,Library News | Urbana Free Library,https://test-ufl.pantheonsite.io/about/news?page=1,./reports/179.html,4,47,0,5,2,0,19
18,Collections | Urbana Free Library,https://test-ufl.pantheonsite.io/local-history/collections,./reports/18.html,3,45,0,5,1,0,17
180,Contact | Urbana Free Library,https://test-ufl.pantheonsite.io/about/contact,./reports/180.html,3,46,0,5,1,0,17
181,Welcome to Urbana Free Library | Urbana Free Library,https://test-ufl.pantheonsite.io/node,./reports/181.html,3,46,0,5,1,0,17
182,"Chromebook, Laptop, and Tablet-Lending Service | Urbana Free Library",https://test-ufl.pantheonsite.io/using-library/services/computer-internet/laptops,./reports/182.html,3,46,0,5,1,0,17
183,,https://test-ufl.pantheonsite.io/taxonomy/term/14/feed,./reports/183.html,5,3,0,2,3,0,12
184,,https://test-ufl.pantheonsite.io/taxonomy/term/15/feed,./reports/184.html,5,3,0,2,3,0,12
185,,https://test-ufl.pantheonsite.io/taxonomy/term/17/feed,./reports/185.html,5,3,0,2,3,0,12
186,,https://test-ufl.pantheonsite.io/taxonomy/term/13/feed,./reports/186.html,5,3,0,2,3,0,12
187,Classic Reference | Urbana Free Library,https://test-ufl.pantheonsite.io/taxonomy/term/1?page=1,./reports/187.html,4,46,0,5,2,0,19
188,,https://test-ufl.pantheonsite.io/taxonomy/term/1/feed,./reports/188.html,5,3,0,2,3,0,12
189,,https://test-ufl.pantheonsite.io/taxonomy/term/9/feed,./reports/189.html,5,3,0,2,3,0,12
19,Databases & Research Tools | Urbana Free Library,https://test-ufl.pantheonsite.io/local-history/databases,./reports/19.html,3,45,0,5,1,0,17
190,Magazine & Newspaper Articles | Urbana Free Library,https://test-ufl.pantheonsite.io/taxonomy/term/12?page=1,./reports/190.html,4,46,0,5,2,0,19
191,,https://test-ufl.pantheonsite.io/taxonomy/term/12/feed,./reports/191.html,5,3,0,2,3,0,12
192,,https://test-ufl.pantheonsite.io/taxonomy/term/3/feed,./reports/192.html,5,3,0,2,3,0,12
193,,https://test-ufl.pantheonsite.io/taxonomy/term/7/feed,./reports/193.html,5,3,0,2,3,0,12
194,Research & Learn | Urbana Free Library,https://test-ufl.pantheonsite.io/ebooks-more/research-learn?field_resource_category_target_id=All,./reports/194.html,2,44,0,4,1,0,14
195,,https://test-ufl.pantheonsite.io/taxonomy/term/2/feed,./reports/195.html,5,3,0,2,3,0,12
196,,https://test-ufl.pantheonsite.io/taxonomy/term/8/feed,./reports/196.html,5,3,0,2,3,0,12
197,,https://test-ufl.pantheonsite.io/taxonomy/term/11/feed,./reports/197.html,5,3,0,2,3,0,12
198,,https://test-ufl.pantheonsite.io/taxonomy/term/4/feed,./reports/198.html,5,3,0,2,3,0,12
199,,https://test-ufl.pantheonsite.io/taxonomy/term/5/feed,./reports/199.html,5,3,0,2,3,0,12
2,Library Cards | Urbana Free Library,https://test-ufl.pantheonsite.io/using-library/library-cards,./reports/2.html,3,46,0,5,1,0,17
20,Events | Urbana Free Library,https://test-ufl.pantheonsite.io/events,./reports/20.html,3,46,0,7,1,0,23
200,,https://test-ufl.pantheonsite.io/taxonomy/term/6/feed,./reports/200.html,5,3,0,2,3,0,12
201,,https://test-ufl.pantheonsite.io/taxonomy/term/10/feed,./reports/201.html,5,3,0,2,3,0,12
202,Cartoons | Urbana Free Library,https://test-ufl.pantheonsite.io/taxonomy/term/71,./reports/202.html,3,45,0,5,1,0,17
203,Illustrations | Urbana Free Library,https://test-ufl.pantheonsite.io/taxonomy/term/72,./reports/203.html,3,45,0,5,1,0,17
204,Courier Newspaper | Urbana Free Library,https://test-ufl.pantheonsite.io/taxonomy/term/73,./reports/204.html,3,45,0,5,1,0,17
205,The Fairy House: Joseph Royer’s Most Whimsical Design | Urbana Free Library,https://test-ufl.pantheonsite.io/local-history/blog/fairy-house-joseph-royers-most-whimsical-design,./reports/205.html,3,45,0,5,1,0,17
206,Buildings of Downtown Champaign 50 & 100 Years Ago | Urbana Free Library,https://test-ufl.pantheonsite.io/local-history/blog/buildings-downtown-champaign-50-100-years-ago,./reports/206.html,3,45,0,5,1,0,17
207,Tales from the Grocery Trade | Urbana Free Library,https://test-ufl.pantheonsite.io/local-history/blog/tales-grocery-trade,./reports/207.html,3,45,0,5,1,0,17
208,Digging into the Community Cookbook Collection | Urbana Free Library,https://test-ufl.pantheonsite.io/local-history/blog/digging-community-cookbook-collection,./reports/208.html,4,46,1,5,1,0,21
209,The People Who Made 150 Years Possible: Nelle Carpenter | Urbana Free Library,https://test-ufl.pantheonsite.io/local-history/blog/people-who-made-150-years-possible-nelle-carpenter,./reports/209.html,3,46,0,5,1,0,17
21,Reading Programs | Urbana Free Library,https://test-ufl.pantheonsite.io/events/reading-programs,./reports/21.html,3,45,0,5,1,0,17
210,Inside Archiving: Processing Unusual Collections | Urbana Free Library,https://test-ufl.pantheonsite.io/local-history/blog/inside-archiving-processing-unusual-collections,./reports/210.html,4,46,6,5,1,0,41
211,Old Newspaper Ads: 1874 Edition | Urbana Free Library,https://test-ufl.pantheonsite.io/local-history/blog/old-newspaper-ads-1874-edition,./reports/211.html,3,45,0,5,1,0,17
212,A Short History of The Knowlton & Bennett Building | Urbana Free Library,https://test-ufl.pantheonsite.io/local-history/blog/short-history-knowlton-bennett-building,./reports/212.html,3,45,0,5,1,0,17
213,People Saving Places: Alice Novak | Urbana Free Library,https://test-ufl.pantheonsite.io/local-history/blog/people-saving-places-alice-novak,./reports/213.html,3,46,0,5,1,0,17
214,From the Shelves of the Archives | Urbana Free Library,https://test-ufl.pantheonsite.io/local-history/blog/shelves-archives,./reports/214.html,3,46,0,5,1,0,17
215,Uncovering LGBTQ Spaces in Champaign County | Urbana Free Library,https://test-ufl.pantheonsite.io/local-history/blog/uncovering-lgbtq-spaces-champaign-county,./reports/215.html,3,46,0,5,1,0,17
216,"Dr. Miriam Fuller: Innovator, Educator, and Author | Urbana Free Library",https://test-ufl.pantheonsite.io/local-history/blog/dr-miriam-fuller-innovator-educator-and-author,./reports/216.html,4,45,4,9,1,0,45
217,The Newly Digitized St. Joseph Record | Urbana Free Library,https://test-ufl.pantheonsite.io/local-history/blog/newly-digitized-st-joseph-record,./reports/217.html,3,46,0,5,1,0,17
218,Tracing the History of the Silvercreek Restaurant | Urbana Free Library,https://test-ufl.pantheonsite.io/local-history/blog/tracing-history-silvercreek-restaurant,./reports/218.html,3,45,0,5,1,0,17
219,Recent Additions to the Microfilm Collection | Urbana Free Library,https://test-ufl.pantheonsite.io/local-history/blog/recent-additions-microfilm-collection,./reports/219.html,3,45,0,5,1,0,17
22,Weekly Programs | Urbana Free Library,https://test-ufl.pantheonsite.io/events/weekly-programs,./reports/22.html,3,45,0,5,1,0,17
220,What's in Our Collection: Photographic Media Pt. 1 | Urbana Free Library,https://test-ufl.pantheonsite.io/local-history/blog/whats-our-collection-photographic-media-pt-1,./reports/220.html,3,46,0,5,1,0,17
221,Identifying Hand-Made Paper in the Archives | Urbana Free Library,https://test-ufl.pantheonsite.io/local-history/blog/identifying-hand-made-paper-archives,./reports/221.html,3,45,0,5,1,0,17
222,We Need Your Help: the Unidentified Photograph Collection | Urbana Free Library,https://test-ufl.pantheonsite.io/local-history/blog/we-need-your-help-unidentified-photograph-collection,./reports/222.html,3,46,0,5,1,0,17
223,Historic Hairstyles | Urbana Free Library,https://test-ufl.pantheonsite.io/local-history/blog/historic-hairstyles,./reports/223.html,3,45,0,5,1,0,17
224,Winter Events in the Archives | Urbana Free Library,https://test-ufl.pantheonsite.io/local-history/blog/winter-events-archives,./reports/224.html,4,46,0,10,1,0,32
225,Ads of Yesteryear: Champaign Daily News in 1919 | Urbana Free Library,https://test-ufl.pantheonsite.io/local-history/blog/ads-yesteryear-champaign-daily-news-1919,./reports/225.html,3,45,0,5,1,0,17
226,Recipes from the Archives | Urbana Free Library,https://test-ufl.pantheonsite.io/local-history/blog/recipes-archives,./reports/226.html,3,45,0,5,1,0,17
227,“All Aboard!” Let’s Take a Two-Week Pullman Trip Out West in 1939 | Urbana Free Library,https://test-ufl.pantheonsite.io/local-history/blog/all-aboard-lets-take-two-week-pullman-trip-out-west-1939,./reports/227.html,3,45,0,5,1,0,17
228,What is a Chautauqua? | Urbana Free Library,https://test-ufl.pantheonsite.io/local-history/blog/what-chautauqua,./reports/228.html,3,45,0,5,1,0,17
229,Newly Processed Collection: the Melvin C. Blobaum Collection | Urbana Free Library,https://test-ufl.pantheonsite.io/local-history/blog/newly-processed-collection-melvin-c-blobaum-collection,./reports/229.html,3,46,0,5,1,0,17
23,Fairy Tale Ball | Urbana Free Library,https://test-ufl.pantheonsite.io/events/fairy-tale-ball,./reports/23.html,4,45,1,5,1,0,21
230,The 100th Anniversary of Memorial Stadium | Urbana Free Library,https://test-ufl.pantheonsite.io/local-history/blog/100th-anniversary-memorial-stadium,./reports/230.html,3,45,0,5,1,0,17
231,The Champaign County Historical Archives Menu Collection: Menus Matter! | Urbana Free Library,https://test-ufl.pantheonsite.io/local-history/blog/champaign-county-historical-archives-menu-collection-menus-matter,./reports/231.html,3,46,0,5,1,0,17
232,The Urbana Woman’s Club: Providing Newspaper-Worthy Charity Work & Social Events for 85 Years | Urbana Free Library,https://test-ufl.pantheonsite.io/local-history/blog/urbana-womans-club-providing-newspaper-worthy-charity-work-social-events-85,./reports/232.html,3,46,0,5,1,0,17
233,Recently Processed Collections: The Calling Cards Collection & The Stanton Township Society of Friends Records | Urbana Free Library,https://test-ufl.pantheonsite.io/local-history/blog/recently-processed-collections-calling-cards-collection-stanton-township-society,./reports/233.html,3,46,0,5,1,0,17
234,Unexpected Surprises in the Stephen Storch Photography Collection | Urbana Free Library,https://test-ufl.pantheonsite.io/local-history/blog/unexpected-surprises-stephen-storch-photography-collection,./reports/234.html,3,46,0,5,1,0,17
235,Hot Air Balloons in Downtown Champaign-Urbana | Urbana Free Library,https://test-ufl.pantheonsite.io/local-history/blog/hot-air-balloons-downtown-champaign-urbana,./reports/235.html,3,46,0,5,1,0,17
236,Archives at Juneteenth | Urbana Free Library,https://test-ufl.pantheonsite.io/local-history/blog/archives-juneteenth,./reports/236.html,3,46,0,5,1,0,17
237,The Digital Preservation Practicum Experience | Urbana Free Library,https://test-ufl.pantheonsite.io/local-history/blog/digital-preservation-practicum-experience,./reports/237.html,3,46,0,5,1,0,17
238,A Local History of Juneteenth | Urbana Free Library,https://test-ufl.pantheonsite.io/local-history/blog/local-history-juneteenth,./reports/238.html,3,45,0,5,1,0,17
239,Digitizing the Cotillion Ball Images | Urbana Free Library,https://test-ufl.pantheonsite.io/local-history/blog/digitizing-cotillion-ball-images,./reports/239.html,3,46,0,5,1,0,17
24,Book Madness | Urbana Free Library,https://test-ufl.pantheonsite.io/events/book-madness,./reports/24.html,4,45,2,5,1,0,25
240,The Runaway Husband | Urbana Free Library,https://test-ufl.pantheonsite.io/local-history/blog/runaway-husband,./reports/240.html,3,47,0,5,1,0,17
241,Exploring the Evolution of County Lines in Illinois | Urbana Free Library,https://test-ufl.pantheonsite.io/local-history/blog/exploring-evolution-county-lines-illinois,./reports/241.html,3,46,0,5,1,0,17
242,The Origins of Earth Day in Champaign County | Urbana Free Library,https://test-ufl.pantheonsite.io/local-history/blog/origins-earth-day-champaign-county,./reports/242.html,3,46,0,5,1,0,17
243,April Showers Bring May Flowers… and Preservation Risks | Urbana Free Library,https://test-ufl.pantheonsite.io/local-history/blog/april-showers-bring-may-flowers-and-preservation-risks,./reports/243.html,3,46,0,5,1,0,17
244,Using City Directories to Discover a Local Store's History | Urbana Free Library,https://test-ufl.pantheonsite.io/local-history/blog/using-city-directories-discover-local-stores-history,./reports/244.html,3,45,0,5,1,0,17
245,Introducing (Again!) “Window to the Past: The Everett C. Block Collection” | Urbana Free Library,https://test-ufl.pantheonsite.io/local-history/blog/introducing-again-window-past-everett-c-block-collection,./reports/245.html,3,47,0,5,1,0,17
246,The Archives' Collection of Newsletters | Urbana Free Library,https://test-ufl.pantheonsite.io/local-history/blog/archives-collection-newsletters,./reports/246.html,3,45,0,5,1,0,17
247,Extra! Extra! A New Exhibit at the Archives! | Urbana Free Library,https://test-ufl.pantheonsite.io/local-history/blog/extra-extra-new-exhibit-archives,./reports/247.html,3,46,0,5,1,0,17
248,Food Ads of the 1950s | Urbana Free Library,https://test-ufl.pantheonsite.io/local-history/blog/food-ads-1950s,./reports/248.html,3,45,0,5,1,0,17
249,Urbana's First First Methodist Church: A Brief History | Urbana Free Library,https://test-ufl.pantheonsite.io/local-history/blog/urbanas-first-first-methodist-church-brief-history,./reports/249.html,3,46,0,5,1,0,17
25,About | Urbana Free Library,https://test-ufl.pantheonsite.io/about-us,./reports/25.html,3,46,0,5,1,0,17
250,Remembering David Monk | Urbana Free Library,https://test-ufl.pantheonsite.io/local-history/blog/remembering-david-monk,./reports/250.html,3,45,0,5,1,0,17
251,Finding the Fultons Part 3 | Urbana Free Library,https://test-ufl.pantheonsite.io/local-history/blog/finding-fultons-part-3,./reports/251.html,3,46,0,5,1,0,17
252,The Stephen Storch Photography Collection | Urbana Free Library,https://test-ufl.pantheonsite.io/local-history/blog/stephen-storch-photography-collection,./reports/252.html,3,45,0,5,1,0,17
253,Finding the Fultons Part 2 | Urbana Free Library,https://test-ufl.pantheonsite.io/local-history/blog/finding-fultons-part-2,./reports/253.html,3,46,0,5,1,0,17
254,The Lewis Family | Urbana Free Library,https://test-ufl.pantheonsite.io/local-history/blog/lewis-family,./reports/254.html,3,45,0,5,1,0,17
255,Five Generations of Women in One Photograph | Urbana Free Library,https://test-ufl.pantheonsite.io/local-history/blog/five-generations-women-one-photograph,./reports/255.html,3,45,0,5,1,0,17
256,Finding the Fultons Part 1 | Urbana Free Library,https://test-ufl.pantheonsite.io/local-history/blog/finding-fultons-part-1,./reports/256.html,3,45,0,5,1,0,17
257,The Secret History of Squirrels | Urbana Free Library,https://test-ufl.pantheonsite.io/local-history/blog/secret-history-squirrels,./reports/257.html,3,46,0,5,1,0,17
258,Mapping Champaign County: The Legacy of Alexander Bowman | Urbana Free Library,https://test-ufl.pantheonsite.io/local-history/blog/mapping-champaign-county-legacy-alexander-bowman,./reports/258.html,3,46,0,5,1,0,17
259,Chanute's “Ole-Farts” Club and the Retiree Activities Club | Urbana Free Library,https://test-ufl.pantheonsite.io/local-history/blog/chanutes-ole-farts-club-and-retiree-activities-club,./reports/259.html,3,46,0,5,1,0,17
26,Bids and RFPs | Urbana Free Library,https://test-ufl.pantheonsite.io/about-us/bids-rfps,./reports/26.html,3,46,0,5,1,0,17
260,Remote Requests in the Archives | Urbana Free Library,https://test-ufl.pantheonsite.io/local-history/blog/remote-requests-archives,./reports/260.html,3,46,0,5,1,0,17
261,Newly Processed Collections: Boneyard Creek | Urbana Free Library,https://test-ufl.pantheonsite.io/local-history/blog/newly-processed-collections-boneyard-creek,./reports/261.html,3,46,0,5,1,0,17
262,Mahomet Pioneer: Stephen C. Abbott | Urbana Free Library,https://test-ufl.pantheonsite.io/local-history/blog/mahomet-pioneer-stephen-c-abbott,./reports/262.html,3,46,0,5,1,0,17
263,Juneteenth Celebrations | Urbana Free Library,https://test-ufl.pantheonsite.io/local-history/blog/juneteenth-celebrations,./reports/263.html,3,46,0,5,1,0,17
264,Dining at the Chanute Air Force Base | Urbana Free Library,https://test-ufl.pantheonsite.io/local-history/blog/dining-chanute-air-force-base,./reports/264.html,3,46,0,5,1,0,17
265,The General is a Lady! Commanding Officer Norma E. Brown | Urbana Free Library,https://test-ufl.pantheonsite.io/local-history/blog/general-lady-commanding-officer-norma-e-brown,./reports/265.html,3,45,0,5,1,0,17
266,Documenting Land Use Changes Through Aerial Photographs | Urbana Free Library,https://test-ufl.pantheonsite.io/local-history/blog/documenting-land-use-changes-through-aerial-photographs,./reports/266.html,3,45,0,5,1,0,17
267,Tread Carefully | Urbana Free Library,https://test-ufl.pantheonsite.io/local-history/blog/tread-carefully,./reports/267.html,3,45,0,5,1,0,17
268,“More Housewives Should Fly:” Women in Aviation and the Organization That Supports Them | Urbana Free Library,https://test-ufl.pantheonsite.io/local-history/blog/more-housewives-should-fly-women-aviation-and-organization-supports-them,./reports/268.html,3,46,0,5,1,0,17
269,It's Syllabus Day! Instructors and Students at the NCO Leadership School | Urbana Free Library,https://test-ufl.pantheonsite.io/local-history/blog/its-syllabus-day-instructors-and-students-nco-leadership-school,./reports/269.html,3,46,0,5,1,0,17
27,Board Members | Urbana Free Library,https://test-ufl.pantheonsite.io/about-us/your-right-to-know/board-members,./reports/27.html,3,46,0,6,1,0,20
270,Down the Archives Rabbit Hole | Urbana Free Library,https://test-ufl.pantheonsite.io/local-history/blog/down-archives-rabbit-hole,./reports/270.html,3,45,0,5,1,0,17
271,Chanute Snapshot: A Look at 1972 | Urbana Free Library,https://test-ufl.pantheonsite.io/local-history/blog/chanute-snapshot-look-1972,./reports/271.html,3,46,0,5,1,0,17
272,Chanute Air Force Base’s Resident Clothing Historian: Master Sergeant Gary T. Alstrand | Urbana Free Library,https://test-ufl.pantheonsite.io/local-history/blog/chanute-air-force-bases-resident-clothing-historian-master-sergeant-gary-t,./reports/272.html,3,45,0,5,1,0,17
273,"Illinois Times, a Newspaper for the Black C-U Community | Urbana Free Library",https://test-ufl.pantheonsite.io/local-history/blog/illinois-times-newspaper-black-c-u-community,./reports/273.html,3,46,0,5,1,0,17
274,"Patches, Patches, and Patches: Processing the Chanute Heritage Committee Collection | Urbana Free Library",https://test-ufl.pantheonsite.io/local-history/blog/patches-patches-and-patches-processing-chanute-heritage-committee-collection,./reports/274.html,3,46,0,5,1,0,17
275,Grateful Dead Descend on Assembly Hall | Urbana Free Library,https://test-ufl.pantheonsite.io/local-history/blog/grateful-dead-descend-assembly-hall,./reports/275.html,3,46,0,5,1,0,17
276,Alberta Claire: The Girl from Wyoming | Urbana Free Library,https://test-ufl.pantheonsite.io/local-history/blog/alberta-claire-girl-wyoming,./reports/276.html,3,45,0,5,1,0,17
277,WWII Office of Price Administration Tokens | Urbana Free Library,https://test-ufl.pantheonsite.io/local-history/blog/wwii-office-price-administration-tokens,./reports/277.html,3,46,0,5,1,0,17
278,Letters from Home: The Clyde O. McKinney Collection | Urbana Free Library,https://test-ufl.pantheonsite.io/local-history/blog/letters-home-clyde-o-mckinney-collection,./reports/278.html,3,46,0,5,1,0,17
279,"Where on Earth in Champaign County: Township Numbers, Ranges, and Directions | Urbana Free Library",https://test-ufl.pantheonsite.io/local-history/blog/where-earth-champaign-county-township-numbers-ranges-and-directions,./reports/279.html,3,45,0,5,1,0,17
28,Contact | Urbana Free Library,https://test-ufl.pantheonsite.io/about-us/contact,./reports/28.html,3,46,0,5,1,0,17
280,Huey's Store: What's Not on the Shelves...Is on the Floor | Urbana Free Library,https://test-ufl.pantheonsite.io/local-history/blog/hueys-store-whats-not-shelvesis-floor,./reports/280.html,3,45,0,5,1,0,17
281,Documenting the Chanute Experience: The Collection of Leo W. Streff | Urbana Free Library,https://test-ufl.pantheonsite.io/local-history/blog/documenting-chanute-experience-collection-leo-w-streff,./reports/281.html,3,45,0,5,1,0,17
282,News-Gazette Collection Update | Urbana Free Library,https://test-ufl.pantheonsite.io/local-history/blog/news-gazette-collection-update,./reports/282.html,3,46,0,5,1,0,17
283,Holiday Gift Guide | Urbana Free Library,https://test-ufl.pantheonsite.io/local-history/blog/holiday-gift-guide,./reports/283.html,3,45,0,5,1,0,17
284,Exploring Title Abstracts | Urbana Free Library,https://test-ufl.pantheonsite.io/local-history/blog/exploring-title-abstracts,./reports/284.html,3,46,0,5,1,0,17
285,How to “Fun” Your Way Around Chanute: Chanute’s Free Time Recreation Magazine | Urbana Free Library,https://test-ufl.pantheonsite.io/local-history/blog/how-fun-your-way-around-chanute-chanutes-free-time-recreation-magazine,./reports/285.html,3,46,0,5,1,0,17
286,Photographs on View at the Tolono Public Library | Urbana Free Library,https://test-ufl.pantheonsite.io/local-history/blog/photographs-view-tolono-public-library,./reports/286.html,3,45,0,5,1,0,17
287,PACA Digitization Project | Urbana Free Library,https://test-ufl.pantheonsite.io/local-history/blog/paca-digitization-project,./reports/287.html,3,46,0,5,1,0,17
288,New Flickr Album: Champaign County Fires | Urbana Free Library,https://test-ufl.pantheonsite.io/local-history/blog/new-flickr-album-champaign-county-fires,./reports/288.html,3,46,0,5,1,0,17
289,Beyond Flight: Chanute Air Force Base Hospital 1931-1933 | Urbana Free Library,https://test-ufl.pantheonsite.io/local-history/blog/beyond-flight-chanute-air-force-base-hospital-1931-1933,./reports/289.html,3,45,0,5,1,0,17
29,Donations | Urbana Free Library,https://test-ufl.pantheonsite.io/donations,./reports/29.html,3,46,0,5,1,0,17
290,Latinx Resources in the Archives | Urbana Free Library,https://test-ufl.pantheonsite.io/local-history/blog/latinx-resources-archives,./reports/290.html,3,46,0,5,1,0,17
291,The Life of a Rural Midwestern Woman | Urbana Free Library,https://test-ufl.pantheonsite.io/local-history/blog/life-rural-midwestern-woman,./reports/291.html,3,46,0,5,1,0,17
292,Finding the Right Home for a Recent Donation | Urbana Free Library,https://test-ufl.pantheonsite.io/local-history/blog/finding-right-home-recent-donation,./reports/292.html,3,46,0,5,1,0,17
293,Chanute Spotlight: Charles M. Leonard | Urbana Free Library,https://test-ufl.pantheonsite.io/local-history/blog/chanute-spotlight-charles-m-leonard,./reports/293.html,3,45,0,5,1,0,17
294,Monument Company Records: Another Primary Source for Cemetery Research | Urbana Free Library,https://test-ufl.pantheonsite.io/local-history/blog/monument-company-records-another-primary-source-cemetery-research,./reports/294.html,3,46,0,5,1,0,17
295,Local History & Genealogy Blog | Urbana Free Library,https://test-ufl.pantheonsite.io/local-history/blog?page=9,./reports/295.html,5,48,0,21,2,0,67
296,Weather in Champaign County | Urbana Free Library,https://test-ufl.pantheonsite.io/local-history/blog/weather-champaign-county,./reports/296.html,3,46,0,5,1,0,17
297,Telephone history in C-U and the women running the boards | Urbana Free Library,https://test-ufl.pantheonsite.io/local-history/blog/telephone-history-c-u-and-women-running-boards,./reports/297.html,3,46,0,5,1,0,17
298,A Look Back at the New Chanute Youth Center | Urbana Free Library,https://test-ufl.pantheonsite.io/local-history/blog/look-back-new-chanute-youth-center,./reports/298.html,3,46,0,5,1,0,17
299,Unexpected Books in the Archives | Urbana Free Library,https://test-ufl.pantheonsite.io/local-history/blog/unexpected-books-archives,./reports/299.html,3,46,0,5,1,0,17
3,Borrowing Information | Urbana Free Library,https://test-ufl.pantheonsite.io/using-library/borrow-return,./reports/3.html,3,49,0,5,1,0,17
30,Employment | Urbana Free Library,https://test-ufl.pantheonsite.io/about-us/employment,./reports/30.html,3,46,0,5,1,0,17
300,The Man Himself: Octave Chanute | Urbana Free Library,https://test-ufl.pantheonsite.io/local-history/blog/man-himself-octave-chanute,./reports/300.html,3,46,0,5,1,0,17
301,Medicinal Advertisements | Urbana Free Library,https://test-ufl.pantheonsite.io/local-history/blog/medicinal-advertisements,./reports/301.html,3,45,0,5,1,0,17
302,Where's Walter? Searching for Clues in Obituaries | Urbana Free Library,https://test-ufl.pantheonsite.io/local-history/blog/wheres-walter-searching-clues-obituaries,./reports/302.html,3,46,0,5,1,0,17
303,A Winter Treat for the Summer Heat | Urbana Free Library,https://test-ufl.pantheonsite.io/local-history/blog/winter-treat-summer-heat,./reports/303.html,3,46,0,5,1,0,17
304,Enjoy Your Stay! A Look at the Chanute Suites | Urbana Free Library,https://test-ufl.pantheonsite.io/local-history/blog/enjoy-your-stay-look-chanute-suites,./reports/304.html,3,46,0,5,1,0,17
305,"Cemetery, Funeral Home, and Death Records in Champaign County | Urbana Free Library",https://test-ufl.pantheonsite.io/local-history/blog/cemetery-funeral-home-and-death-records-champaign-county,./reports/305.html,3,46,0,5,1,0,17
306,21-Cent International Airmail Stamps Featuring Octave Chanute & His Biplane Hang Glider | Urbana Free Library,https://test-ufl.pantheonsite.io/local-history/blog/21-cent-international-airmail-stamps-featuring-octave-chanute-his-biplane-hang,./reports/306.html,3,46,0,5,1,0,17
307,"Dorothy ""Dottie"" Schroeder All-American Shortstop | Urbana Free Library",https://test-ufl.pantheonsite.io/local-history/blog/dorothy-dottie-schroeder-all-american-shortstop,./reports/307.html,3,46,0,5,1,0,17
308,Early Criminal Cases in Urbana | Urbana Free Library,https://test-ufl.pantheonsite.io/local-history/blog/early-criminal-cases-urbana,./reports/308.html,3,45,0,5,1,0,17
309,Champaign 2060 | Urbana Free Library,https://test-ufl.pantheonsite.io/local-history/blog/champaign-2060,./reports/309.html,3,45,0,5,1,0,17
31,Hours | Urbana Free Library,https://test-ufl.pantheonsite.io/about-us/hours,./reports/31.html,3,45,0,5,1,0,17
310,"Behind the Scenes: Collection Management, part 3 | Urbana Free Library",https://test-ufl.pantheonsite.io/local-history/blog/behind-scenes-collection-management-part-3,./reports/310.html,3,45,0,6,1,0,20
311,"Behind the Scenes: Collection Management, part 2 | Urbana Free Library",https://test-ufl.pantheonsite.io/local-history/blog/behind-scenes-collection-management-part-2,./reports/311.html,3,46,0,5,1,0,17
312,Page not found | Urbana Free Library,https://test-ufl.pantheonsite.io/blogs/2021/05/26/behind-scenes-collection-management-0,./reports/312.html,3,45,0,5,1,0,17
313,Small Town Histories | Urbana Free Library,https://test-ufl.pantheonsite.io/local-history/blog/small-town-histories,./reports/313.html,3,46,0,5,1,0,17
314,The Chanute Base Histories Collection | Urbana Free Library,https://test-ufl.pantheonsite.io/local-history/blog/chanute-base-histories-collection,./reports/314.html,3,46,0,5,1,0,17
315,Local History & Genealogy Blog | Urbana Free Library,https://test-ufl.pantheonsite.io/local-history/blog?page=10,./reports/315.html,5,47,0,22,2,0,70
316,C-U's Historic Buildings and the Preservation and Conservation Association | Urbana Free Library,https://test-ufl.pantheonsite.io/local-history/blog/c-us-historic-buildings-and-preservation-and-conservation-association,./reports/316.html,3,46,0,5,1,0,17
317,Old Advertisements: Food Edition | Urbana Free Library,https://test-ufl.pantheonsite.io/local-history/blog/old-advertisements-food-edition,./reports/317.html,3,46,0,6,1,0,20
318,Air Power or Airpower? Chanute Air Force Base and the USAF Editorial Style Guide | Urbana Free Library,https://test-ufl.pantheonsite.io/local-history/blog/air-power-or-airpower-chanute-air-force-base-and-usaf-editorial-style-guide,./reports/318.html,3,46,0,5,1,0,17
319,From Tragedy to Attraction: Local Reactions to the Sinking of the Titanic | Urbana Free Library,https://test-ufl.pantheonsite.io/local-history/blog/tragedy-attraction-local-reactions-sinking-titanic,./reports/319.html,3,46,0,5,1,0,17
32,Friends of the Library | Urbana Free Library,https://test-ufl.pantheonsite.io/about-us/friends,./reports/32.html,3,46,0,5,1,0,17
320,Behind the Scenes: Collection Management | Urbana Free Library,https://test-ufl.pantheonsite.io/local-history/blog/behind-scenes-collection-management,./reports/320.html,3,46,0,5,1,0,17
321,Historic Maple Grove | Urbana Free Library,https://test-ufl.pantheonsite.io/local-history/blog/historic-maple-grove,./reports/321.html,3,46,0,5,1,0,17
322,Freedom Train Comes to Champaign | Urbana Free Library,https://test-ufl.pantheonsite.io/local-history/blog/freedom-train-comes-champaign,./reports/322.html,3,46,0,5,1,0,17
323,A Look Inside the Chanute POW/MIA Collection | Urbana Free Library,https://test-ufl.pantheonsite.io/local-history/blog/look-inside-chanute-powmia-collection,./reports/323.html,3,46,0,5,1,0,17
324,International Women's Day: A Look at Working Women in CU | Urbana Free Library,https://test-ufl.pantheonsite.io/local-history/blog/international-womens-day-look-working-women-cu,./reports/324.html,3,46,0,5,1,0,17
325,The Map Collection at The Champaign County Historical Archives | Urbana Free Library,https://test-ufl.pantheonsite.io/local-history/blog/map-collection-champaign-county-historical-archives,./reports/325.html,3,46,0,5,1,0,17
326,Robert Allerton: the Man Behind the Gardens | Urbana Free Library,https://test-ufl.pantheonsite.io/local-history/blog/robert-allerton-man-behind-gardens,./reports/326.html,3,46,0,5,1,0,17
327,Champaign County Fair Association | Urbana Free Library,https://test-ufl.pantheonsite.io/local-history/blog/champaign-county-fair-association,./reports/327.html,3,46,0,6,1,0,20
328,A Reunion at Chanute | Urbana Free Library,https://test-ufl.pantheonsite.io/local-history/blog/reunion-chanute,./reports/328.html,3,46,0,5,1,0,17
329,Bettye Krolick's Contributions to Braille Music Transcription | Urbana Free Library,https://test-ufl.pantheonsite.io/local-history/blog/bettye-krolicks-contributions-braille-music-transcription,./reports/329.html,3,46,0,5,1,0,17
33,Foundation | Urbana Free Library,https://test-ufl.pantheonsite.io/about-us/foundation,./reports/33.html,2,45,0,4,1,0,14
330,Dorothy Gertrude Bentley and the 1918 Flu | Urbana Free Library,https://test-ufl.pantheonsite.io/local-history/blog/dorothy-gertrude-bentley-and-1918-flu,./reports/330.html,3,46,0,5,1,0,17
331,Greetings from Chanute! The Envelope Art of Ladd Canney | Urbana Free Library,https://test-ufl.pantheonsite.io/local-history/blog/greetings-chanute-envelope-art-ladd-canney,./reports/331.html,3,46,0,5,1,0,17
332,"Another Installment of ""Newspapers, Get Your Newspapers Here!"" | Urbana Free Library",https://test-ufl.pantheonsite.io/local-history/blog/another-installment-newspapers-get-your-newspapers-here,./reports/332.html,3,46,0,5,1,0,17
333,In Memoriam: Robert K. McCandless (1928-2020) and Raymond Bial (1948-2021) | Urbana Free Library,https://test-ufl.pantheonsite.io/local-history/blog/memoriam-robert-k-mccandless-1928-2020-and-raymond-bial-1948-2021,./reports/333.html,3,46,0,5,1,0,17
334,Local History & Genealogy Blog | Urbana Free Library,https://test-ufl.pantheonsite.io/local-history/blog?page=11,./reports/334.html,5,47,0,18,2,0,58
335,The Battle of Seattle and Founding of the Urbana-Champaign Independent Media Center | Urbana Free Library,https://test-ufl.pantheonsite.io/local-history/blog/battle-seattle-and-founding-urbana-champaign-independent-media-center,./reports/335.html,3,46,0,5,1,0,17
336,Retiree Activities Program at Chanute Air Force Base | Urbana Free Library,https://test-ufl.pantheonsite.io/local-history/blog/retiree-activities-program-chanute-air-force-base,./reports/336.html,3,46,0,5,1,0,17
337,First commercial airline delivery of clothes | Urbana Free Library,https://test-ufl.pantheonsite.io/local-history/blog/first-commercial-airline-delivery-clothes,./reports/337.html,3,46,0,5,1,0,17
338,"Soldiers Monument in Mt. Hope Cemetery, Sidney, IL | Urbana Free Library",https://test-ufl.pantheonsite.io/local-history/blog/soldiers-monument-mt-hope-cemetery-sidney-il,./reports/338.html,3,46,0,5,1,0,17
339,Changing the Code on Campus Affairs | Urbana Free Library,https://test-ufl.pantheonsite.io/local-history/blog/changing-code-campus-affairs,./reports/339.html,3,46,0,5,1,0,17
34,Volunteer | Urbana Free Library,https://test-ufl.pantheonsite.io/about-us/volunteer,./reports/34.html,4,46,0,5,1,1,18
340,Car Ads from 100 Years Ago | Urbana Free Library,https://test-ufl.pantheonsite.io/local-history/blog/car-ads-100-years-ago,./reports/340.html,3,45,0,5,1,0,17
341,Chanute Spotlight: Mark A. Greene | Urbana Free Library,https://test-ufl.pantheonsite.io/local-history/blog/chanute-spotlight-mark-greene,./reports/341.html,3,45,0,5,1,0,17
342,Newspapers! Get Your Newspapers Here! | Urbana Free Library,https://test-ufl.pantheonsite.io/local-history/blog/newspapers-get-your-newspapers-here,./reports/342.html,3,46,0,5,1,0,17
343,"Lincoln's ""Mad"" Couch | Urbana Free Library",https://test-ufl.pantheonsite.io/local-history/blog/lincolns-mad-couch,./reports/343.html,3,46,0,6,1,0,20
344,New Exhibit: “From Homemaking to Municipal Housekeeping: 20th Century Women’s Clubs in Champaign County” | Urbana Free Library,https://test-ufl.pantheonsite.io/local-history/blog/new-exhibit-homemaking-municipal-housekeeping-20th-century-womens-clubs,./reports/344.html,3,46,0,5,1,0,17
345,Uncovered Gravestones in Leal Park | Urbana Free Library,https://test-ufl.pantheonsite.io/local-history/blog/uncovered-gravestones-leal-park,./reports/345.html,3,46,0,5,1,0,17
346,Recently Processed: Orphan Train Collection | Urbana Free Library,https://test-ufl.pantheonsite.io/local-history/blog/recently-processed-orphan-train-collection,./reports/346.html,3,46,0,5,1,0,17
347,Chanute Spotlight: Commanding Officer Fay R. Upthegrove | Urbana Free Library,https://test-ufl.pantheonsite.io/local-history/blog/chanute-spotlight-commanding-officer-fay-r-upthegrove,./reports/347.html,3,46,0,5,1,0,17
348,Ride Down Memory Lane with C-U MTD | Urbana Free Library,https://test-ufl.pantheonsite.io/local-history/blog/ride-down-memory-lane-c-u-mtd,./reports/348.html,3,45,0,5,1,0,17
349,Pride Fest 2020: The Archives Looks Back at the LGBTQIA+ community in C-U | Urbana Free Library,https://test-ufl.pantheonsite.io/local-history/blog/pride-fest-2020-archives-looks-back-lgbtqia-community-c-u,./reports/349.html,3,46,0,5,1,0,17
35,Your Right to Know | Urbana Free Library,https://test-ufl.pantheonsite.io/about-us/your-right-to-know,./reports/35.html,3,46,0,5,1,0,17
350,Rantoul's Minuteman Missile Saved at the Last Minute | Urbana Free Library,https://test-ufl.pantheonsite.io/local-history/blog/rantouls-minuteman-missile-saved-last-minute,./reports/350.html,3,46,0,5,1,0,17
351,Superstitions of Early Illinois Settlers | Urbana Free Library,https://test-ufl.pantheonsite.io/local-history/blog/superstitions-early-illinois-settlers,./reports/351.html,3,46,0,5,1,0,17
352,Household Products from 100 Years Ago | Urbana Free Library,https://test-ufl.pantheonsite.io/local-history/blog/household-products-100-years-ago,./reports/352.html,3,45,0,5,1,0,17
353,Local History & Genealogy Blog | Urbana Free Library,https://test-ufl.pantheonsite.io/local-history/blog?page=12,./reports/353.html,5,47,0,14,2,0,46
354,How Urbana Got a Hotel | Urbana Free Library,https://test-ufl.pantheonsite.io/local-history/blog/how-urbana-got-hotel,./reports/354.html,3,45,0,5,1,0,17
355,Spring 2013 Local History & Genealogy Workshop Series | Urbana Free Library,https://test-ufl.pantheonsite.io/local-history/blog/spring-2013-local-history-genealogy-workshop-series,./reports/355.html,3,46,0,5,1,0,17
356,But will it play in C-U? | Urbana Free Library,https://test-ufl.pantheonsite.io/local-history/blog/will-it-play-c-u,./reports/356.html,3,45,0,5,1,0,17
357,Go Illini! | Urbana Free Library,https://test-ufl.pantheonsite.io/local-history/blog/go-illini,./reports/357.html,3,45,0,5,1,0,17
358,Welcome! | Urbana Free Library,https://test-ufl.pantheonsite.io/local-history/blog/welcome,./reports/358.html,3,46,0,5,1,0,17
359,Local History & Genealogy Blog | Urbana Free Library,https://test-ufl.pantheonsite.io/local-history/blog?page=29,./reports/359.html,5,47,0,7,2,0,25
36,Meeting Rooms | Urbana Free Library,https://test-ufl.pantheonsite.io/node/138,./reports/36.html,3,46,0,5,1,0,17
360,Local History & Genealogy Blog | Urbana Free Library,https://test-ufl.pantheonsite.io/local-history/blog?page=22,./reports/360.html,5,47,0,16,2,0,52
361,Local History & Genealogy Blog | Urbana Free Library,https://test-ufl.pantheonsite.io/local-history/blog?page=23,./reports/361.html,5,47,0,22,2,0,70
362,Local History & Genealogy Blog | Urbana Free Library,https://test-ufl.pantheonsite.io/local-history/blog?page=24,./reports/362.html,5,47,0,23,2,0,73
363,Local History & Genealogy Blog | Urbana Free Library,https://test-ufl.pantheonsite.io/local-history/blog?page=25,./reports/363.html,5,47,0,21,2,0,67
364,Local History & Genealogy Blog | Urbana Free Library,https://test-ufl.pantheonsite.io/local-history/blog?page=26,./reports/364.html,5,47,0,9,2,0,31
365,Local History & Genealogy Blog | Urbana Free Library,https://test-ufl.pantheonsite.io/local-history/blog?page=27,./reports/365.html,5,47,0,7,2,0,25
366,Local History & Genealogy Blog | Urbana Free Library,https://test-ufl.pantheonsite.io/local-history/blog?page=28,./reports/366.html,5,47,0,6,2,0,22
367,Books & Journals | Urbana Free Library,https://test-ufl.pantheonsite.io/local-history/collections/books-more/books-journals,./reports/367.html,3,46,0,5,1,0,17
368,Directories | Urbana Free Library,https://test-ufl.pantheonsite.io/local-history/collections/books-more/directories,./reports/368.html,3,46,0,5,1,0,17
369,Local Organization Newsletter Collection | Urbana Free Library,https://test-ufl.pantheonsite.io/local-history/collections/books-more/local-newsletters,./reports/369.html,3,46,0,5,1,0,17
37,Library News | Urbana Free Library,https://test-ufl.pantheonsite.io/about/news,./reports/37.html,4,47,0,5,2,0,19
370,Newspapers | Urbana Free Library,https://test-ufl.pantheonsite.io/local-history/collections/books-more/newspapers,./reports/370.html,3,46,0,5,1,0,17
371,School Yearbooks | Urbana Free Library,https://test-ufl.pantheonsite.io/local-history/collections/books-more/yearbooks,./reports/371.html,3,46,0,5,1,0,17
372,What's New in the Chanute Collection | Urbana Free Library,https://test-ufl.pantheonsite.io/local-history/collections/chanute-collection/whats-new,./reports/372.html,3,46,0,5,1,0,17
373,Chanute Collection Finding Aids | Urbana Free Library,https://test-ufl.pantheonsite.io/local-history/collections/chanute-collection/chanute-finding-aids,./reports/373.html,4,46,0,5,1,1,18
374,Birth Records | Urbana Free Library,https://test-ufl.pantheonsite.io/local-history/collections/county-records/birth-records,./reports/374.html,3,46,0,5,1,0,17
375,Death Records | Urbana Free Library,https://test-ufl.pantheonsite.io/local-history/collections/county-records/death-records,./reports/375.html,3,46,0,5,1,0,17
376,Marriage Records | Urbana Free Library,https://test-ufl.pantheonsite.io/local-history/collections/county-records/marriage-records,./reports/376.html,3,46,0,5,1,0,17
377,Naturalization Records | Urbana Free Library,https://test-ufl.pantheonsite.io/local-history/collections/county-records/naturalization-records,./reports/377.html,3,45,0,5,1,0,17
378,Local History Collections | Urbana Free Library,https://test-ufl.pantheonsite.io/local-history/collections/local-history,./reports/378.html,3,46,0,5,1,0,17
379,"May 14, 2024 | Urbana Free Library",https://test-ufl.pantheonsite.io/about/board/files/may-14-2024,./reports/379.html,3,45,0,5,1,0,17
38,Seed Exchange | Urbana Free Library,https://test-ufl.pantheonsite.io/using-library/collections/seed-exchange,./reports/38.html,4,46,1,5,1,0,21
380,"January 09, 2024 | Urbana Free Library",https://test-ufl.pantheonsite.io/about/board/files/january-09-2024,./reports/380.html,3,45,0,5,1,0,17
381,"December 12, 2023 | Urbana Free Library",https://test-ufl.pantheonsite.io/about/board/files/december-12-2023,./reports/381.html,3,45,0,5,1,0,17
382,"February 14, 2023 | Urbana Free Library",https://test-ufl.pantheonsite.io/about/board/files/february-14-2023,./reports/382.html,3,45,0,5,1,0,17
383,"March 08, 2022 | Urbana Free Library",https://test-ufl.pantheonsite.io/about/board/files/march-08-2022,./reports/383.html,3,45,0,5,1,0,17
384,"February 08, 2022 | Urbana Free Library",https://test-ufl.pantheonsite.io/about/board/files/february-08-2022,./reports/384.html,3,45,0,5,1,0,17
385,MTD | Urbana Free Library,https://test-ufl.pantheonsite.io/taxonomy/term/68,./reports/385.html,3,46,0,5,1,0,17
386,Library | Urbana Free Library,https://test-ufl.pantheonsite.io/taxonomy/term/74,./reports/386.html,3,46,0,5,1,0,17
387,Kanopy | Urbana Free Library,https://test-ufl.pantheonsite.io/taxonomy/term/70,./reports/387.html,3,46,0,5,1,0,17
388,The Urbana Free Library | Urbana Free Library,https://test-ufl.pantheonsite.io/taxonomy/term/69,./reports/388.html,3,46,0,5,1,0,17
389,Urbana Free Library | Urbana Free Library,https://test-ufl.pantheonsite.io/taxonomy/term/28,./reports/389.html,3,46,0,5,1,0,17
39,Curbside Pickup | Urbana Free Library,https://test-ufl.pantheonsite.io/using-library/services/curbside-pickup,./reports/39.html,3,46,0,5,1,0,17
390,gardens | Urbana Free Library,https://test-ufl.pantheonsite.io/taxonomy/term/67,./reports/390.html,3,46,0,5,1,0,17
391,Urbana Library | Urbana Free Library,https://test-ufl.pantheonsite.io/taxonomy/term/66,./reports/391.html,3,45,0,5,1,0,17
392,What's Your Story? Artist-In-Residence Program at The Urbana Free Library | Urbana Free Library,https://test-ufl.pantheonsite.io/library-news/blog/whats-your-story-artist-residence-program-urbana-free-library,./reports/392.html,3,45,0,5,1,0,17
393,"The Urbana Free Library Celebrates 150 Years of Serving the Community With a Birthday Party, Reading Programs, and More | Urbana Free Library",https://test-ufl.pantheonsite.io/library-news/blog/urbana-free-library-celebrates-150-years-serving-community-birthday-party-reading,./reports/393.html,3,46,0,5,1,0,17
394,Press Release for the Stephen Storch Photography Collection | Urbana Free Library,https://test-ufl.pantheonsite.io/library-news/blog/press-release-stephen-storch-photography-collection,./reports/394.html,3,46,0,5,1,0,17
395,The Urbana Free Library seeks new board members | Urbana Free Library,https://test-ufl.pantheonsite.io/library-news/blog/urbana-free-library-seeks-new-board-members,./reports/395.html,3,46,0,5,1,0,17
396,Archives Assistant – Hourly | Urbana Free Library,https://test-ufl.pantheonsite.io/library-news/blog/archives-assistant-hourly,./reports/396.html,3,46,0,5,1,0,17
397,The Friends of the Library Holiday Book Sale | Urbana Free Library,https://test-ufl.pantheonsite.io/library-news/blog/friends-library-holiday-book-sale,./reports/397.html,3,45,0,5,1,0,17
398,Early Voting for the 2022 General Election | Urbana Free Library,https://test-ufl.pantheonsite.io/library-news/blog/early-voting-2022-general-election,./reports/398.html,3,45,0,5,1,0,17
399,Circulation Clerk/Information Assistant – Full-time | Urbana Free Library,https://test-ufl.pantheonsite.io/library-news/blog/circulation-clerkinformation-assistant-full-time,./reports/399.html,3,46,0,5,1,0,17
4,Collections | Urbana Free Library,https://test-ufl.pantheonsite.io/using-library/collections,./reports/4.html,3,46,0,5,1,0,17
40,Suggest a Purchase | Urbana Free Library,https://test-ufl.pantheonsite.io/suggest-a-purchase,./reports/40.html,3,48,0,5,1,0,17
400,The Urbana Free Library is seeking Request for Qualifications for Architectural Services | Urbana Free Library,https://test-ufl.pantheonsite.io/library-news/blog/urbana-free-library-seeking-request-qualifications-architectural-services,./reports/400.html,3,46,0,5,1,0,17
401,Call for Hygiene Donations | Urbana Free Library,https://test-ufl.pantheonsite.io/library-news/blog/call-hygiene-donations,./reports/401.html,3,45,0,5,1,0,17
402,September is Library Card Sign-Up Month | Urbana Free Library,https://test-ufl.pantheonsite.io/library-news/blog/september-library-card-sign-month,./reports/402.html,3,45,0,5,1,0,17
403,Books and More! Bundles | Urbana Free Library,https://test-ufl.pantheonsite.io/library-news/blog/books-and-more-bundles,./reports/403.html,3,45,0,5,1,0,17
404,Poems Across Urbana Sign Giveaway | Urbana Free Library,https://test-ufl.pantheonsite.io/library-news/blog/poems-across-urbana-sign-giveaway,./reports/404.html,3,45,0,5,1,0,17
405,Every paver has a story! | Urbana Free Library,https://test-ufl.pantheonsite.io/library-news/blog/every-paver-has-story,./reports/405.html,3,46,0,5,1,0,17
406,Daughters of the American Revolution Book Giveaway | Urbana Free Library,https://test-ufl.pantheonsite.io/library-news/blog/daughters-american-revolution-book-giveaway,./reports/406.html,3,45,0,5,1,0,17
407,Check out these titles for young adult readers! | Urbana Free Library,https://test-ufl.pantheonsite.io/library-news/blog/check-out-these-titles-young-adult-readers,./reports/407.html,3,45,0,5,1,0,17
408,Check out these new titles! | Urbana Free Library,https://test-ufl.pantheonsite.io/library-news/blog/check-out-these-new-titles,./reports/408.html,3,45,0,5,1,0,17
409,,https://test-ufl.pantheonsite.io/rss.xml,./reports/409.html,5,3,0,2,3,0,12
41,Accessibility | Urbana Free Library,https://test-ufl.pantheonsite.io/accessibility,./reports/41.html,3,46,0,5,1,0,17
410,Classic Reference | Urbana Free Library,https://test-ufl.pantheonsite.io/taxonomy/term/1?page=0,./reports/410.html,4,46,0,5,2,0,19
411,Magazine & Newspaper Articles | Urbana Free Library,https://test-ufl.pantheonsite.io/taxonomy/term/12?page=0,./reports/411.html,4,46,0,5,2,0,19
412,,https://test-ufl.pantheonsite.io/taxonomy/term/71/feed,./reports/412.html,5,3,0,2,3,0,12
413,,https://test-ufl.pantheonsite.io/taxonomy/term/72/feed,./reports/413.html,5,3,0,2,3,0,12
414,,https://test-ufl.pantheonsite.io/taxonomy/term/73/feed,./reports/414.html,5,3,0,2,3,0,12
415,Restaurants | Urbana Free Library,https://test-ufl.pantheonsite.io/taxonomy/term/60,./reports/415.html,3,45,0,5,1,0,17
416,Urbana | Urbana Free Library,https://test-ufl.pantheonsite.io/taxonomy/term/27,./reports/416.html,3,45,0,5,1,0,17
417,Architecture | Urbana Free Library,https://test-ufl.pantheonsite.io/taxonomy/term/61,./reports/417.html,3,45,0,5,1,0,17
418,Sandborn | Urbana Free Library,https://test-ufl.pantheonsite.io/taxonomy/term/62,./reports/418.html,3,45,0,5,1,0,17
419,Hair | Urbana Free Library,https://test-ufl.pantheonsite.io/taxonomy/term/57,./reports/419.html,3,45,0,5,1,0,17
42,Brand Guide and Logos | Urbana Free Library,https://test-ufl.pantheonsite.io/brand-guide-logos,./reports/42.html,3,45,0,5,1,0,17
420,hairstyles | Urbana Free Library,https://test-ufl.pantheonsite.io/taxonomy/term/58,./reports/420.html,3,45,0,5,1,0,17
421,fashion | Urbana Free Library,https://test-ufl.pantheonsite.io/taxonomy/term/59,./reports/421.html,3,45,0,5,1,0,17
422,Local history | Urbana Free Library,https://test-ufl.pantheonsite.io/taxonomy/term/18,./reports/422.html,4,48,0,6,2,0,22
423,entertainment | Urbana Free Library,https://test-ufl.pantheonsite.io/taxonomy/term/56,./reports/423.html,3,45,0,5,1,0,17
424,Hot air balloons | Urbana Free Library,https://test-ufl.pantheonsite.io/taxonomy/term/55,./reports/424.html,3,45,0,5,1,0,17
425,Newspapers | Urbana Free Library,https://test-ufl.pantheonsite.io/taxonomy/term/52,./reports/425.html,3,47,0,5,1,0,17
426,Photographs | Urbana Free Library,https://test-ufl.pantheonsite.io/taxonomy/term/53,./reports/426.html,3,47,0,5,1,0,17
427,Cemeteries | Urbana Free Library,https://test-ufl.pantheonsite.io/taxonomy/term/39,./reports/427.html,3,45,0,5,1,0,17
428,Burial Places | Urbana Free Library,https://test-ufl.pantheonsite.io/taxonomy/term/40,./reports/428.html,3,45,0,5,1,0,17
429,Woodlawn Cemetery | Urbana Free Library,https://test-ufl.pantheonsite.io/taxonomy/term/41,./reports/429.html,3,45,0,5,1,0,17
43,Floor Plan | Urbana Free Library,https://test-ufl.pantheonsite.io/about-us/floor-plan,./reports/43.html,3,45,0,5,1,0,17
430,Lynn Grove Cemetery | Urbana Free Library,https://test-ufl.pantheonsite.io/taxonomy/term/42,./reports/430.html,3,45,0,5,1,0,17
431,Stephen Storch | Urbana Free Library,https://test-ufl.pantheonsite.io/taxonomy/term/43,./reports/431.html,3,45,0,5,1,0,17
432,Photography | Urbana Free Library,https://test-ufl.pantheonsite.io/taxonomy/term/44,./reports/432.html,3,45,0,5,1,0,17
433,Digitization | Urbana Free Library,https://test-ufl.pantheonsite.io/taxonomy/term/45,./reports/433.html,3,45,0,5,1,0,17
434,Photographic Negatives | Urbana Free Library,https://test-ufl.pantheonsite.io/taxonomy/term/46,./reports/434.html,3,45,0,5,1,0,17
435,The Cotillion Ball | Urbana Free Library,https://test-ufl.pantheonsite.io/taxonomy/term/47,./reports/435.html,3,45,0,5,1,0,17
436,Phi Beta Sigma Fraternity | Urbana Free Library,https://test-ufl.pantheonsite.io/taxonomy/term/48,./reports/436.html,3,45,0,5,1,0,17
437,Zeta Phi Beta Sorority | Urbana Free Library,https://test-ufl.pantheonsite.io/taxonomy/term/49,./reports/437.html,3,45,0,5,1,0,17
438,Genealogy | Urbana Free Library,https://test-ufl.pantheonsite.io/taxonomy/term/31,./reports/438.html,3,45,0,5,1,0,17
439,Squirrels | Urbana Free Library,https://test-ufl.pantheonsite.io/taxonomy/term/29,./reports/439.html,3,45,0,5,1,0,17
44,Freedom of Information Act | Urbana Free Library,https://test-ufl.pantheonsite.io/foia,./reports/44.html,3,46,0,5,1,0,17
440,University of Illinois | Urbana Free Library,https://test-ufl.pantheonsite.io/taxonomy/term/30,./reports/440.html,3,45,0,5,1,0,17
441,Maps | Urbana Free Library,https://test-ufl.pantheonsite.io/taxonomy/term/23,./reports/441.html,3,45,0,5,1,0,17
442,Boneyard Creek | Urbana Free Library,https://test-ufl.pantheonsite.io/taxonomy/term/21,./reports/442.html,3,45,0,6,1,0,20
443,flooding | Urbana Free Library,https://test-ufl.pantheonsite.io/taxonomy/term/22,./reports/443.html,3,45,0,6,1,0,20
444,Mahomet | Urbana Free Library,https://test-ufl.pantheonsite.io/taxonomy/term/19,./reports/444.html,3,45,0,5,1,0,17
445,early pioneers | Urbana Free Library,https://test-ufl.pantheonsite.io/taxonomy/term/20,./reports/445.html,3,45,0,5,1,0,17
446,From Mansion to Medicine | Urbana Free Library,https://test-ufl.pantheonsite.io/local-history/blog/mansion-medicine,./reports/446.html,3,46,0,5,1,0,17
447,Chanute Spotlight: The Trade Winds Service Club | Urbana Free Library,https://test-ufl.pantheonsite.io/local-history/blog/chanute-spotlight-trade-winds-service-club,./reports/447.html,3,47,0,5,1,0,17
448,"Summer of Baseball, 1895 edition | Urbana Free Library",https://test-ufl.pantheonsite.io/local-history/blog/summer-baseball-1895-edition,./reports/448.html,3,46,0,5,1,0,17
449,Greetings from Chanute!: Donald O. Weckhorst and Non-Verbal Communication | Urbana Free Library,https://test-ufl.pantheonsite.io/local-history/blog/greetings-chanute-donald-o-weckhorst-and-non-verbal-communication,./reports/449.html,3,47,0,5,1,0,17
45,Privacy Statement | Urbana Free Library,https://test-ufl.pantheonsite.io/privacy,./reports/45.html,3,45,0,5,1,0,17
450,As Seen in the Courier: Squirrel Chases Man | Urbana Free Library,https://test-ufl.pantheonsite.io/local-history/blog/seen-courier-squirrel-chases-man,./reports/450.html,3,46,0,5,1,0,17
451,Intern Reflection: Working with the Chanute Collection | Urbana Free Library,https://test-ufl.pantheonsite.io/local-history/blog/intern-reflection-working-chanute-collection,./reports/451.html,3,46,0,5,1,0,17
452,From the Mailbox: How did Race Street Get its Name? (Otherwise known as a Day in an Archivist's Life) | Urbana Free Library,https://test-ufl.pantheonsite.io/local-history/blog/mailbox-how-did-race-street-get-its-name-otherwise-known-day-archivists-life,./reports/452.html,3,46,0,5,1,0,17
453,Update! Digitally Accessible Chanute Collection Finding Aids | Urbana Free Library,https://test-ufl.pantheonsite.io/local-history/blog/update-digitally-accessible-chanute-collection-finding-aids,./reports/453.html,3,46,0,5,1,0,17
454,"Chanute Spotlight: Octave Chanute, “The God-father of Aviation” | Urbana Free Library",https://test-ufl.pantheonsite.io/local-history/blog/chanute-spotlight-octave-chanute-god-father-aviation,./reports/454.html,3,45,0,5,1,0,17
455,FREE Database Trial for 'Find My Past' | Urbana Free Library,https://test-ufl.pantheonsite.io/local-history/blog/free-database-trial-find-my-past,./reports/455.html,3,45,0,5,1,0,17
456,Tuskegee Airmen: Colonel George “Spanky” Roberts | Urbana Free Library,https://test-ufl.pantheonsite.io/local-history/blog/tuskegee-airmen-colonel-george-spanky-roberts,./reports/456.html,3,45,0,5,1,0,17
457,Digital Sanborn Maps | Urbana Free Library,https://test-ufl.pantheonsite.io/local-history/blog/digital-sanborn-maps,./reports/457.html,3,46,0,5,1,0,17
458,Greetings from Chanute!: Maharishi Yogi’s Attempt to Buy Chanute Air Force Base | Urbana Free Library,https://test-ufl.pantheonsite.io/local-history/blog/greetings-chanute-maharishi-yogis-attempt-buy-chanute-air-force-base,./reports/458.html,3,45,0,5,1,0,17
459,The Illinois Blue Books | Urbana Free Library,https://test-ufl.pantheonsite.io/local-history/blog/illinois-blue-books,./reports/459.html,3,46,0,5,1,0,17
46,Library Cards | Urbana Free Library,https://test-ufl.pantheonsite.io/using-library,./reports/46.html,3,46,0,5,1,0,17
460,Prairie State Games: A Display of Athletic Talent | Urbana Free Library,https://test-ufl.pantheonsite.io/local-history/blog/prairie-state-games-display-athletic-talent,./reports/460.html,3,46,0,5,1,0,17
461,Chanute Spotlight: Major General Edwin W. Robertson II | Urbana Free Library,https://test-ufl.pantheonsite.io/local-history/blog/chanute-spotlight-major-general-edwin-w-robertson-ii,./reports/461.html,3,46,0,5,1,0,17
462,From the Mailbox: The Underground Railroad in Champaign County | Urbana Free Library,https://test-ufl.pantheonsite.io/local-history/blog/mailbox-underground-railroad-champaign-county,./reports/462.html,3,46,0,5,1,0,17
463,Resistance and Dissent at Chanute | Urbana Free Library,https://test-ufl.pantheonsite.io/local-history/blog/resistance-and-dissent-chanute,./reports/463.html,3,45,0,5,1,0,17
464,Local History & Genealogy Blog | Urbana Free Library,https://test-ufl.pantheonsite.io/local-history/blog?page=13,./reports/464.html,5,47,0,14,2,0,46
465,"Recently Processed: Illinois Central Railroad Company Records, 1920-1972 | Urbana Free Library",https://test-ufl.pantheonsite.io/local-history/blog/recently-processed-illinois-central-railroad-company-records-1920-1972,./reports/465.html,3,46,0,5,1,0,17
466,Greetings from Chanute!: Remembering Lucy Jane Goff (1909-2002) | Urbana Free Library,https://test-ufl.pantheonsite.io/local-history/blog/greetings-chanute-remembering-lucy-jane-goff-1909-2002,./reports/466.html,3,46,0,5,1,0,17
467,How Can You Find a Farm's Name? | Urbana Free Library,https://test-ufl.pantheonsite.io/local-history/blog/how-can-you-find-farms-name,./reports/467.html,3,46,0,5,1,0,17
468,Interesting Urbana City Codes from 1898 | Urbana Free Library,https://test-ufl.pantheonsite.io/local-history/blog/interesting-urbana-city-codes-1898,./reports/468.html,3,46,0,5,1,0,17
469,From the Collection: The Counties of Great Britain - A Tudor Atlas | Urbana Free Library,https://test-ufl.pantheonsite.io/local-history/blog/collection-counties-great-britain-tudor-atlas,./reports/469.html,3,46,0,5,1,0,17
47,Books and More! Bundles | Urbana Free Library,https://test-ufl.pantheonsite.io/node/1179,./reports/47.html,4,49,0,7,1,0,23
470,Halloween at Chanute | Urbana Free Library,https://test-ufl.pantheonsite.io/local-history/blog/halloween-chanute,./reports/470.html,3,46,0,5,1,0,17
471,From the Mailbox: the Original Alleys of Urbana | Urbana Free Library,https://test-ufl.pantheonsite.io/local-history/blog/mailbox-original-alleys-urbana,./reports/471.html,3,46,0,5,1,0,17
472,Chanute Air Force Base Closure: 26 Year Anniversary | Urbana Free Library,https://test-ufl.pantheonsite.io/local-history/blog/chanute-air-force-base-closure-26-year-anniversary,./reports/472.html,3,46,0,6,1,0,20
473,The Barling Bomber | Urbana Free Library,https://test-ufl.pantheonsite.io/local-history/blog/barling-bomber,./reports/473.html,3,46,0,5,1,0,17
474,Cohen Family: Sol Cohen | Urbana Free Library,https://test-ufl.pantheonsite.io/local-history/blog/cohen-family-sol-cohen,./reports/474.html,3,46,0,5,1,0,17
475,Cohen Family: Julius Cohen | Urbana Free Library,https://test-ufl.pantheonsite.io/local-history/blog/cohen-family-julius-cohen,./reports/475.html,3,46,0,5,1,0,17
476,Cohen Family: Sidney Cohen | Urbana Free Library,https://test-ufl.pantheonsite.io/local-history/blog/cohen-family-sidney-cohen,./reports/476.html,3,46,0,5,1,0,17
477,The Cohen Family | Urbana Free Library,https://test-ufl.pantheonsite.io/local-history/blog/cohen-family,./reports/477.html,3,46,0,6,1,0,20
478,"Chanute Spotlight: Daniel L. Pearl, The Man with the Camera | Urbana Free Library",https://test-ufl.pantheonsite.io/local-history/blog/chanute-spotlight-daniel-l-pearl-man-camera,./reports/478.html,3,46,0,5,1,0,17
479,From the Mailbox: Overia Barringer & the Freedom Celebration Parade | Urbana Free Library,https://test-ufl.pantheonsite.io/local-history/blog/mailbox-overia-barringer-freedom-celebration-parade,./reports/479.html,3,46,0,5,1,0,17
48,Personalized Reading List | Urbana Free Library,https://test-ufl.pantheonsite.io/personalized-reading-list,./reports/48.html,3,48,0,5,1,0,17
480,Jeff Austin: A Mountain Spring of Inspiration (1974-2019) | Urbana Free Library,https://test-ufl.pantheonsite.io/local-history/blog/jeff-austin-mountain-spring-inspiration-1974-2019,./reports/480.html,3,46,0,5,1,0,17
481,The Downtown Champaign Mall | Urbana Free Library,https://test-ufl.pantheonsite.io/local-history/blog/downtown-champaign-mall,./reports/481.html,3,46,0,5,1,0,17
482,On the Importance of Trees | Urbana Free Library,https://test-ufl.pantheonsite.io/local-history/blog/importance-trees,./reports/482.html,3,46,0,5,1,0,17
483,Local History & Genealogy Blog | Urbana Free Library,https://test-ufl.pantheonsite.io/local-history/blog?page=14,./reports/483.html,5,47,0,16,2,0,52
484,"Chanute Spotlight: Norine Welk, Air Force Artist | Urbana Free Library",https://test-ufl.pantheonsite.io/local-history/blog/chanute-spotlight-norine-welk-air-force-artist,./reports/484.html,3,46,0,5,1,0,17
485,Animal Stories of Champaign County: Summer | Urbana Free Library,https://test-ufl.pantheonsite.io/local-history/blog/animal-stories-champaign-county-summer,./reports/485.html,3,45,0,5,1,0,17
486,Chanute Spotlight: Joseph C. Gomez and the Chandelle | Urbana Free Library,https://test-ufl.pantheonsite.io/local-history/blog/chanute-spotlight-joseph-c-gomez-and-chandelle,./reports/486.html,3,45,0,5,1,0,17
487,Technical Training at Chanute Air Force Base | Urbana Free Library,https://test-ufl.pantheonsite.io/local-history/blog/technical-training-chanute-air-force-base,./reports/487.html,3,46,0,5,1,0,17
488,Chanute Spotlight: The Curtiss JN-4D “Jenny” | Urbana Free Library,https://test-ufl.pantheonsite.io/local-history/blog/chanute-spotlight-curtiss-jn-4d-jenny,./reports/488.html,3,46,0,5,1,0,17
489,Tornado Sirens in C-U | Urbana Free Library,https://test-ufl.pantheonsite.io/local-history/blog/tornado-sirens-c-u,./reports/489.html,3,46,0,5,1,0,17
49,Video Game Collection | Urbana Free Library,https://test-ufl.pantheonsite.io/using-library/collections/video-game,./reports/49.html,3,46,0,5,1,0,17
490,The Urbana connection to disgraced quiz master Charles Van Doren | Urbana Free Library,https://test-ufl.pantheonsite.io/local-history/blog/urbana-connection-disgraced-quiz-master-charles-van-doren,./reports/490.html,3,46,0,5,1,0,17
491,Greetings from Chanute! Let’s visit the Dining Hall | Urbana Free Library,https://test-ufl.pantheonsite.io/local-history/blog/greetings-chanute-lets-visit-dining-hall,./reports/491.html,3,45,0,5,1,0,17
492,"The Flatiron Building, gone but not forgotten | Urbana Free Library",https://test-ufl.pantheonsite.io/local-history/blog/flatiron-building-gone-not-forgotten,./reports/492.html,3,45,0,5,1,0,17
493,Luker's Pan-O-Cake | Urbana Free Library,https://test-ufl.pantheonsite.io/local-history/blog/lukers-pan-o-cake,./reports/493.html,3,46,0,5,1,0,17
494,Tales from the General Store | Urbana Free Library,https://test-ufl.pantheonsite.io/local-history/blog/tales-general-store,./reports/494.html,3,46,0,5,1,0,17
495,Chanute Spotlight: Mary Ruth Clemons | Urbana Free Library,https://test-ufl.pantheonsite.io/local-history/blog/chanute-spotlight-mary-ruth-clemons,./reports/495.html,3,45,0,5,1,0,17
496,"Professional Wrestling in Champaign-Urbana, Part 2 | Urbana Free Library",https://test-ufl.pantheonsite.io/local-history/blog/professional-wrestling-champaign-urbana-part-2,./reports/496.html,3,46,0,5,1,0,17
497,Page not found | Urbana Free Library,https://test-ufl.pantheonsite.io/blogs/2022/04/03/professional-wrestling-champaign-urbana-part-1,./reports/497.html,3,45,0,5,1,0,17
498,John Nathan Beers | Urbana Free Library,https://test-ufl.pantheonsite.io/local-history/blog/john-nathan-beers,./reports/498.html,3,45,0,5,1,0,17
499,Chanute Spotlight: The Braun Family | Urbana Free Library,https://test-ufl.pantheonsite.io/local-history/blog/chanute-spotlight-braun-family,./reports/499.html,3,45,0,5,1,0,17
5,Services | Urbana Free Library,https://test-ufl.pantheonsite.io/using-library/services,./reports/5.html,3,45,0,5,1,0,17
50,Movies | Urbana Free Library,https://test-ufl.pantheonsite.io/using-library/collections/movies,./reports/50.html,3,45,0,5,1,0,17
500,"Professional Wrestling in Champaign-Urbana, Part 1 | Urbana Free Library",https://test-ufl.pantheonsite.io/local-history/blog/professional-wrestling-champaign-urbana-part-1,./reports/500.html,3,46,0,5,1,0,17
51,Music | Urbana Free Library,https://test-ufl.pantheonsite.io/using-library/collections/music,./reports/51.html,3,45,0,5,1,0,17
52,Notaries Public | Urbana Free Library,https://test-ufl.pantheonsite.io/using-library/services/notaries-public,./reports/52.html,3,45,0,5,1,0,17
53,"Print, Copy, and Fax | Urbana Free Library",https://test-ufl.pantheonsite.io/using-library/services/copier-fax,./reports/53.html,3,46,0,5,1,0,17
54,Home Delivery | Urbana Free Library,https://test-ufl.pantheonsite.io/using-library/services/home-delivery,./reports/54.html,3,46,0,5,1,0,17
55,Meeting Rooms | Urbana Free Library,https://test-ufl.pantheonsite.io/using-library/services/meeting-rooms,./reports/55.html,3,46,0,5,1,0,17
56,Computers & Internet | Urbana Free Library,https://test-ufl.pantheonsite.io/using-library/services/computer-internet,./reports/56.html,3,46,0,5,1,0,17
57,Children's Developmental Toys | Urbana Free Library,https://test-ufl.pantheonsite.io/using-library/library-things/childrens-developmental-toys,./reports/57.html,3,46,0,5,1,0,17
58,Music Equipment Collection | Urbana Free Library,https://test-ufl.pantheonsite.io/using-library/library-things/music-collection,./reports/58.html,3,46,0,5,1,0,17
59,Productivity Collection | Urbana Free Library,https://test-ufl.pantheonsite.io/using-library/library-things/productivity-collection,./reports/59.html,3,46,0,5,1,0,17
6,Library of Things | Urbana Free Library,https://test-ufl.pantheonsite.io/using-library/library-things,./reports/6.html,3,45,0,5,1,0,17
60,Crafts Collection | Urbana Free Library,https://test-ufl.pantheonsite.io/using-library/library-things/craft-collection,./reports/60.html,3,46,0,5,1,0,17
61,Kits | Urbana Free Library,https://test-ufl.pantheonsite.io/using-library/library-things/hands-on-kits,./reports/61.html,3,46,0,5,1,0,17
62,3D Science Collection | Urbana Free Library,https://test-ufl.pantheonsite.io/using-library/library-things/3d-science,./reports/62.html,3,46,0,5,1,0,17
63,Floor Puzzles | Urbana Free Library,https://test-ufl.pantheonsite.io/using-library/library-things/floor-puzzles,./reports/63.html,3,46,0,5,1,0,17
64,Board Games | Urbana Free Library,https://test-ufl.pantheonsite.io/using-library/library-things/board-games,./reports/64.html,3,46,0,5,1,0,17
65,Children's Board Games | Urbana Free Library,https://test-ufl.pantheonsite.io/using-library/library-things/child-board-games,./reports/65.html,4,46,1,5,1,0,21
66,eBooks | Urbana Free Library,https://test-ufl.pantheonsite.io/taxonomy/term/14,./reports/66.html,3,46,0,5,1,0,17
67,Comics Plus! | Urbana Free Library,https://test-ufl.pantheonsite.io/download-streaming/comics-plus,./reports/67.html,3,45,0,5,1,0,17
68,Audiobooks | Urbana Free Library,https://test-ufl.pantheonsite.io/taxonomy/term/15,./reports/68.html,3,46,0,5,1,0,17
69,Magazines | Urbana Free Library,https://test-ufl.pantheonsite.io/taxonomy/term/17,./reports/69.html,3,46,0,5,1,0,17
7,Parents & Teachers | Urbana Free Library,https://test-ufl.pantheonsite.io/using-library/parents-teachers,./reports/7.html,3,46,0,5,1,0,17
70,Libby app | Urbana Free Library,https://test-ufl.pantheonsite.io/download-streaming/libby-app,./reports/70.html,3,46,0,5,1,0,17
71,Tumblebooks | Urbana Free Library,https://test-ufl.pantheonsite.io/download-streaming/tumblebooks,./reports/71.html,3,45,0,5,1,0,17
72,Movies & TV Shows | Urbana Free Library,https://test-ufl.pantheonsite.io/taxonomy/term/13,./reports/72.html,3,46,0,5,1,0,17
73,Kanopy | Urbana Free Library,https://test-ufl.pantheonsite.io/download-streaming/kanopy,./reports/73.html,3,45,0,5,1,0,17
74,Kanopy & Kanopy Kids | Urbana Free Library,https://test-ufl.pantheonsite.io/node/47,./reports/74.html,3,46,0,6,1,0,20
75,Classic Reference | Urbana Free Library,https://test-ufl.pantheonsite.io/taxonomy/term/1,./reports/75.html,4,46,0,5,2,0,19
76,Local History & Genealogy | Urbana Free Library,https://test-ufl.pantheonsite.io/taxonomy/term/9,./reports/76.html,3,45,0,5,1,0,17
77,Magazine & Newspaper Articles | Urbana Free Library,https://test-ufl.pantheonsite.io/taxonomy/term/12,./reports/77.html,4,46,0,5,2,0,19
78,Reading & Streaming | Urbana Free Library,https://test-ufl.pantheonsite.io/taxonomy/term/3,./reports/78.html,3,45,0,5,1,0,17
79,Language Learning | Urbana Free Library,https://test-ufl.pantheonsite.io/taxonomy/term/7,./reports/79.html,3,45,0,5,1,0,17
8,Ask Library Staff | Urbana Free Library,https://test-ufl.pantheonsite.io/using-library/ask,./reports/8.html,4,48,0,6,1,0,20
80,Research & Learn | Urbana Free Library,https://test-ufl.pantheonsite.io/ebooks-more/research-learn?field_resource_category_target_id=1,./reports/80.html,2,44,0,4,1,0,14
81,Research & Learn | Urbana Free Library,https://test-ufl.pantheonsite.io/ebooks-more/research-learn?field_resource_category_target_id=2,./reports/81.html,2,44,0,4,1,0,14
82,Research & Learn | Urbana Free Library,https://test-ufl.pantheonsite.io/ebooks-more/research-learn?field_resource_category_target_id=4,./reports/82.html,2,44,0,4,1,0,14
83,Research & Learn | Urbana Free Library,https://test-ufl.pantheonsite.io/ebooks-more/research-learn?field_resource_category_target_id=6,./reports/83.html,2,44,0,4,1,0,14
84,Research & Learn | Urbana Free Library,https://test-ufl.pantheonsite.io/ebooks-more/research-learn?field_resource_category_target_id=5,./reports/84.html,2,44,0,4,1,0,14
85,Research & Learn | Urbana Free Library,https://test-ufl.pantheonsite.io/ebooks-more/research-learn?field_resource_category_target_id=10,./reports/85.html,2,44,0,4,1,0,14
86,Research & Learn | Urbana Free Library,https://test-ufl.pantheonsite.io/ebooks-more/research-learn?field_resource_category_target_id=7,./reports/86.html,2,44,0,4,1,0,14
87,Research & Learn | Urbana Free Library,https://test-ufl.pantheonsite.io/ebooks-more/research-learn?field_resource_category_target_id=8,./reports/87.html,2,44,0,4,1,0,14
88,Research & Learn | Urbana Free Library,https://test-ufl.pantheonsite.io/ebooks-more/research-learn?field_resource_category_target_id=9,./reports/88.html,2,44,0,4,1,0,14
89,Research & Learn | Urbana Free Library,https://test-ufl.pantheonsite.io/ebooks-more/research-learn?field_resource_category_target_id=11,./reports/89.html,2,44,0,4,1,0,14
9,eBooks | Urbana Free Library,https://test-ufl.pantheonsite.io/ebooks-more,./reports/9.html,2,45,0,4,1,0,14
90,Research & Learn | Urbana Free Library,https://test-ufl.pantheonsite.io/ebooks-more/research-learn?field_resource_category_target_id=12,./reports/90.html,2,44,0,4,1,0,14
91,Research & Learn | Urbana Free Library,https://test-ufl.pantheonsite.io/ebooks-more/research-learn?field_resource_category_target_id=3,./reports/91.html,2,44,0,4,1,0,14
92,Consumer Information | Urbana Free Library,https://test-ufl.pantheonsite.io/taxonomy/term/2,./reports/92.html,3,45,0,5,1,0,17
93,Library Catalogs | Urbana Free Library,https://test-ufl.pantheonsite.io/taxonomy/term/8,./reports/93.html,3,45,0,5,1,0,17
94,Local Interest | Urbana Free Library,https://test-ufl.pantheonsite.io/taxonomy/term/11,./reports/94.html,3,45,0,5,1,0,17
95,Homework Help & Test Prep | Urbana Free Library,https://test-ufl.pantheonsite.io/taxonomy/term/4,./reports/95.html,3,45,0,5,1,0,17
96,Job Hunting & Careers | Urbana Free Library,https://test-ufl.pantheonsite.io/taxonomy/term/5,./reports/96.html,3,45,0,5,1,0,17
97,How-to & DIY | Urbana Free Library,https://test-ufl.pantheonsite.io/taxonomy/term/6,./reports/97.html,3,45,0,5,1,0,17
98,Just for Kids | Urbana Free Library,https://test-ufl.pantheonsite.io/taxonomy/term/10,./reports/98.html,3,45,0,5,1,0,17
99,Planning a Visit | Urbana Free Library,https://test-ufl.pantheonsite.io/local-history/about/planning-visit,./reports/99.html,3,46,0,5,1,0,17
